readgroup,sample_name,subject_id,sample_type,absolute_path_to_fq1,absolute_path_to_fq2,library_name,platform_unit,sequence_date,sequence_platform,sequence_center
DCR0056_TA_L03_539,DCR0056_TA,DCR0056,T,/home/ckane/crc_more2/DCR0056_TA/V350094712_L03_B5GHUMkxaqRAAGA-539_1.fq.gz,/home/ckane/crc_more2/DCR0056_TA/V350094712_L03_B5GHUMkxaqRAAGA-539_2.fq.gz,DCR0056_TA,DCR0056_TA,2024-05-28T10:43:29,ILLUMINA,BGI
DCR0056_TA_L02_534,DCR0056_TA,DCR0056,T,/home/ckane/crc_more2/DCR0056_TA/V350094712_L02_B5GHUMkxaqRAAGA-534_1.fq.gz,/home/ckane/crc_more2/DCR0056_TA/V350094712_L02_B5GHUMkxaqRAAGA-534_2.fq.gz,DCR0056_TA,DCR0056_TA,2024-05-28T10:43:29,ILLUMINA,BGI
DCR0056_TA_L01_540,DCR0056_TA,DCR0056,T,/home/ckane/crc_more2/DCR0056_TA/V350094712_L01_B5GHUMkxaqRAAGA-540_1.fq.gz,/home/ckane/crc_more2/DCR0056_TA/V350094712_L01_B5GHUMkxaqRAAGA-540_2.fq.gz,DCR0056_TA,DCR0056_TA,2024-05-28T10:43:29,ILLUMINA,BGI
DCR0056_TA_L02_535,DCR0056_TA,DCR0056,T,/home/ckane/crc_more2/DCR0056_TA/V350094712_L02_B5GHUMkxaqRAAGA-535_1.fq.gz,/home/ckane/crc_more2/DCR0056_TA/V350094712_L02_B5GHUMkxaqRAAGA-535_2.fq.gz,DCR0056_TA,DCR0056_TA,2024-05-28T10:43:29,ILLUMINA,BGI
DCR0056_TA_L03_538,DCR0056_TA,DCR0056,T,/home/ckane/crc_more2/DCR0056_TA/V350094712_L03_B5GHUMkxaqRAAGA-538_1.fq.gz,/home/ckane/crc_more2/DCR0056_TA/V350094712_L03_B5GHUMkxaqRAAGA-538_2.fq.gz,DCR0056_TA,DCR0056_TA,2024-05-28T10:43:29,ILLUMINA,BGI
DCR0056_TA_L02_538,DCR0056_TA,DCR0056,T,/home/ckane/crc_more2/DCR0056_TA/V350094712_L02_B5GHUMkxaqRAAGA-538_1.fq.gz,/home/ckane/crc_more2/DCR0056_TA/V350094712_L02_B5GHUMkxaqRAAGA-538_2.fq.gz,DCR0056_TA,DCR0056_TA,2024-05-28T10:43:29,ILLUMINA,BGI
DCR0056_TA_L02_537,DCR0056_TA,DCR0056,T,/home/ckane/crc_more2/DCR0056_TA/V350094712_L02_B5GHUMkxaqRAAGA-537_1.fq.gz,/home/ckane/crc_more2/DCR0056_TA/V350094712_L02_B5GHUMkxaqRAAGA-537_2.fq.gz,DCR0056_TA,DCR0056_TA,2024-05-28T10:43:29,ILLUMINA,BGI
DCR0056_TA_L01_537,DCR0056_TA,DCR0056,T,/home/ckane/crc_more2/DCR0056_TA/V350094712_L01_B5GHUMkxaqRAAGA-537_1.fq.gz,/home/ckane/crc_more2/DCR0056_TA/V350094712_L01_B5GHUMkxaqRAAGA-537_2.fq.gz,DCR0056_TA,DCR0056_TA,2024-05-28T10:43:29,ILLUMINA,BGI
DCR0056_TA_L03_533,DCR0056_TA,DCR0056,T,/home/ckane/crc_more2/DCR0056_TA/V350094712_L03_B5GHUMkxaqRAAGA-533_1.fq.gz,/home/ckane/crc_more2/DCR0056_TA/V350094712_L03_B5GHUMkxaqRAAGA-533_2.fq.gz,DCR0056_TA,DCR0056_TA,2024-05-28T10:43:29,ILLUMINA,BGI
DCR0056_TA_L01_539,DCR0056_TA,DCR0056,T,/home/ckane/crc_more2/DCR0056_TA/V350094712_L01_B5GHUMkxaqRAAGA-539_1.fq.gz,/home/ckane/crc_more2/DCR0056_TA/V350094712_L01_B5GHUMkxaqRAAGA-539_2.fq.gz,DCR0056_TA,DCR0056_TA,2024-05-28T10:43:29,ILLUMINA,BGI
DCR0056_TA_L02_533,DCR0056_TA,DCR0056,T,/home/ckane/crc_more2/DCR0056_TA/V350094712_L02_B5GHUMkxaqRAAGA-533_1.fq.gz,/home/ckane/crc_more2/DCR0056_TA/V350094712_L02_B5GHUMkxaqRAAGA-533_2.fq.gz,DCR0056_TA,DCR0056_TA,2024-05-28T10:43:29,ILLUMINA,BGI
DCR0056_TA_L02_539,DCR0056_TA,DCR0056,T,/home/ckane/crc_more2/DCR0056_TA/V350094712_L02_B5GHUMkxaqRAAGA-539_1.fq.gz,/home/ckane/crc_more2/DCR0056_TA/V350094712_L02_B5GHUMkxaqRAAGA-539_2.fq.gz,DCR0056_TA,DCR0056_TA,2024-05-28T10:43:29,ILLUMINA,BGI
DCR0056_TA_L03_534,DCR0056_TA,DCR0056,T,/home/ckane/crc_more2/DCR0056_TA/V350094712_L03_B5GHUMkxaqRAAGA-534_1.fq.gz,/home/ckane/crc_more2/DCR0056_TA/V350094712_L03_B5GHUMkxaqRAAGA-534_2.fq.gz,DCR0056_TA,DCR0056_TA,2024-05-28T10:43:29,ILLUMINA,BGI
DCR0056_TA_L03_536,DCR0056_TA,DCR0056,T,/home/ckane/crc_more2/DCR0056_TA/V350094712_L03_B5GHUMkxaqRAAGA-536_1.fq.gz,/home/ckane/crc_more2/DCR0056_TA/V350094712_L03_B5GHUMkxaqRAAGA-536_2.fq.gz,DCR0056_TA,DCR0056_TA,2024-05-28T10:43:29,ILLUMINA,BGI
DCR0056_TA_L02_540,DCR0056_TA,DCR0056,T,/home/ckane/crc_more2/DCR0056_TA/V350094712_L02_B5GHUMkxaqRAAGA-540_1.fq.gz,/home/ckane/crc_more2/DCR0056_TA/V350094712_L02_B5GHUMkxaqRAAGA-540_2.fq.gz,DCR0056_TA,DCR0056_TA,2024-05-28T10:43:29,ILLUMINA,BGI
DCR0056_TA_L01_533,DCR0056_TA,DCR0056,T,/home/ckane/crc_more2/DCR0056_TA/V350094712_L01_B5GHUMkxaqRAAGA-533_1.fq.gz,/home/ckane/crc_more2/DCR0056_TA/V350094712_L01_B5GHUMkxaqRAAGA-533_2.fq.gz,DCR0056_TA,DCR0056_TA,2024-05-28T10:43:29,ILLUMINA,BGI
DCR0056_TA_L03_540,DCR0056_TA,DCR0056,T,/home/ckane/crc_more2/DCR0056_TA/V350094712_L03_B5GHUMkxaqRAAGA-540_1.fq.gz,/home/ckane/crc_more2/DCR0056_TA/V350094712_L03_B5GHUMkxaqRAAGA-540_2.fq.gz,DCR0056_TA,DCR0056_TA,2024-05-28T10:43:29,ILLUMINA,BGI
DCR0056_TA_L01_534,DCR0056_TA,DCR0056,T,/home/ckane/crc_more2/DCR0056_TA/V350094712_L01_B5GHUMkxaqRAAGA-534_1.fq.gz,/home/ckane/crc_more2/DCR0056_TA/V350094712_L01_B5GHUMkxaqRAAGA-534_2.fq.gz,DCR0056_TA,DCR0056_TA,2024-05-28T10:43:29,ILLUMINA,BGI
DCR0056_TA_L01_536,DCR0056_TA,DCR0056,T,/home/ckane/crc_more2/DCR0056_TA/V350094712_L01_B5GHUMkxaqRAAGA-536_1.fq.gz,/home/ckane/crc_more2/DCR0056_TA/V350094712_L01_B5GHUMkxaqRAAGA-536_2.fq.gz,DCR0056_TA,DCR0056_TA,2024-05-28T10:43:29,ILLUMINA,BGI
DCR0056_TA_L01_538,DCR0056_TA,DCR0056,T,/home/ckane/crc_more2/DCR0056_TA/V350094712_L01_B5GHUMkxaqRAAGA-538_1.fq.gz,/home/ckane/crc_more2/DCR0056_TA/V350094712_L01_B5GHUMkxaqRAAGA-538_2.fq.gz,DCR0056_TA,DCR0056_TA,2024-05-28T10:43:29,ILLUMINA,BGI
DCR0056_TA_L01_535,DCR0056_TA,DCR0056,T,/home/ckane/crc_more2/DCR0056_TA/V350094712_L01_B5GHUMkxaqRAAGA-535_1.fq.gz,/home/ckane/crc_more2/DCR0056_TA/V350094712_L01_B5GHUMkxaqRAAGA-535_2.fq.gz,DCR0056_TA,DCR0056_TA,2024-05-28T10:43:29,ILLUMINA,BGI
DCR0056_TA_L03_537,DCR0056_TA,DCR0056,T,/home/ckane/crc_more2/DCR0056_TA/V350094712_L03_B5GHUMkxaqRAAGA-537_1.fq.gz,/home/ckane/crc_more2/DCR0056_TA/V350094712_L03_B5GHUMkxaqRAAGA-537_2.fq.gz,DCR0056_TA,DCR0056_TA,2024-05-28T10:43:29,ILLUMINA,BGI
DCR0056_TA_L02_536,DCR0056_TA,DCR0056,T,/home/ckane/crc_more2/DCR0056_TA/V350094712_L02_B5GHUMkxaqRAAGA-536_1.fq.gz,/home/ckane/crc_more2/DCR0056_TA/V350094712_L02_B5GHUMkxaqRAAGA-536_2.fq.gz,DCR0056_TA,DCR0056_TA,2024-05-28T10:43:29,ILLUMINA,BGI
DCR0056_TA_L03_535,DCR0056_TA,DCR0056,T,/home/ckane/crc_more2/DCR0056_TA/V350094712_L03_B5GHUMkxaqRAAGA-535_1.fq.gz,/home/ckane/crc_more2/DCR0056_TA/V350094712_L03_B5GHUMkxaqRAAGA-535_2.fq.gz,DCR0056_TA,DCR0056_TA,2024-05-28T10:43:29,ILLUMINA,BGI
DCR0003_TA_L03_517,DCR0003_TA,DCR0003,T,/home/ckane/crc_more2/DCR0003_TA/V350083339_L03_B5GHUMxlydRAAAA-517_1.fq.gz,/home/ckane/crc_more2/DCR0003_TA/V350083339_L03_B5GHUMxlydRAAAA-517_2.fq.gz,DCR0003_TA,DCR0003_TA,2024-05-28T10:43:29,ILLUMINA,BGI
DCR0003_TA_L02_524,DCR0003_TA,DCR0003,T,/home/ckane/crc_more2/DCR0003_TA/V350083339_L02_B5GHUMxlydRAAAA-524_1.fq.gz,/home/ckane/crc_more2/DCR0003_TA/V350083339_L02_B5GHUMxlydRAAAA-524_2.fq.gz,DCR0003_TA,DCR0003_TA,2024-05-28T10:43:29,ILLUMINA,BGI
DCR0003_TA_L03_518,DCR0003_TA,DCR0003,T,/home/ckane/crc_more2/DCR0003_TA/V350083339_L03_B5GHUMxlydRAAAA-518_1.fq.gz,/home/ckane/crc_more2/DCR0003_TA/V350083339_L03_B5GHUMxlydRAAAA-518_2.fq.gz,DCR0003_TA,DCR0003_TA,2024-05-28T10:43:29,ILLUMINA,BGI
DCR0003_TA_L03_520,DCR0003_TA,DCR0003,T,/home/ckane/crc_more2/DCR0003_TA/V350083339_L03_B5GHUMxlydRAAAA-520_1.fq.gz,/home/ckane/crc_more2/DCR0003_TA/V350083339_L03_B5GHUMxlydRAAAA-520_2.fq.gz,DCR0003_TA,DCR0003_TA,2024-05-28T10:43:29,ILLUMINA,BGI
DCR0003_TA_L01_518,DCR0003_TA,DCR0003,T,/home/ckane/crc_more2/DCR0003_TA/V350083339_L01_B5GHUMxlydRAAAA-518_1.fq.gz,/home/ckane/crc_more2/DCR0003_TA/V350083339_L01_B5GHUMxlydRAAAA-518_2.fq.gz,DCR0003_TA,DCR0003_TA,2024-05-28T10:43:29,ILLUMINA,BGI
DCR0003_TA_L03_523,DCR0003_TA,DCR0003,T,/home/ckane/crc_more2/DCR0003_TA/V350083339_L03_B5GHUMxlydRAAAA-523_1.fq.gz,/home/ckane/crc_more2/DCR0003_TA/V350083339_L03_B5GHUMxlydRAAAA-523_2.fq.gz,DCR0003_TA,DCR0003_TA,2024-05-28T10:43:29,ILLUMINA,BGI
DCR0003_TA_L02_520,DCR0003_TA,DCR0003,T,/home/ckane/crc_more2/DCR0003_TA/V350083339_L02_B5GHUMxlydRAAAA-520_1.fq.gz,/home/ckane/crc_more2/DCR0003_TA/V350083339_L02_B5GHUMxlydRAAAA-520_2.fq.gz,DCR0003_TA,DCR0003_TA,2024-05-28T10:43:29,ILLUMINA,BGI
DCR0003_TA_L01_524,DCR0003_TA,DCR0003,T,/home/ckane/crc_more2/DCR0003_TA/V350083339_L01_B5GHUMxlydRAAAA-524_1.fq.gz,/home/ckane/crc_more2/DCR0003_TA/V350083339_L01_B5GHUMxlydRAAAA-524_2.fq.gz,DCR0003_TA,DCR0003_TA,2024-05-28T10:43:29,ILLUMINA,BGI
DCR0003_TA_L01_519,DCR0003_TA,DCR0003,T,/home/ckane/crc_more2/DCR0003_TA/V350083339_L01_B5GHUMxlydRAAAA-519_1.fq.gz,/home/ckane/crc_more2/DCR0003_TA/V350083339_L01_B5GHUMxlydRAAAA-519_2.fq.gz,DCR0003_TA,DCR0003_TA,2024-05-28T10:43:29,ILLUMINA,BGI
DCR0003_TA_L02_519,DCR0003_TA,DCR0003,T,/home/ckane/crc_more2/DCR0003_TA/V350083339_L02_B5GHUMxlydRAAAA-519_1.fq.gz,/home/ckane/crc_more2/DCR0003_TA/V350083339_L02_B5GHUMxlydRAAAA-519_2.fq.gz,DCR0003_TA,DCR0003_TA,2024-05-28T10:43:29,ILLUMINA,BGI
DCR0003_TA_L03_519,DCR0003_TA,DCR0003,T,/home/ckane/crc_more2/DCR0003_TA/V350083339_L03_B5GHUMxlydRAAAA-519_1.fq.gz,/home/ckane/crc_more2/DCR0003_TA/V350083339_L03_B5GHUMxlydRAAAA-519_2.fq.gz,DCR0003_TA,DCR0003_TA,2024-05-28T10:43:29,ILLUMINA,BGI
DCR0003_TA_L01_521,DCR0003_TA,DCR0003,T,/home/ckane/crc_more2/DCR0003_TA/V350083339_L01_B5GHUMxlydRAAAA-521_1.fq.gz,/home/ckane/crc_more2/DCR0003_TA/V350083339_L01_B5GHUMxlydRAAAA-521_2.fq.gz,DCR0003_TA,DCR0003_TA,2024-05-28T10:43:29,ILLUMINA,BGI
DCR0003_TA_L03_524,DCR0003_TA,DCR0003,T,/home/ckane/crc_more2/DCR0003_TA/V350083339_L03_B5GHUMxlydRAAAA-524_1.fq.gz,/home/ckane/crc_more2/DCR0003_TA/V350083339_L03_B5GHUMxlydRAAAA-524_2.fq.gz,DCR0003_TA,DCR0003_TA,2024-05-28T10:43:29,ILLUMINA,BGI
DCR0003_TA_L01_522,DCR0003_TA,DCR0003,T,/home/ckane/crc_more2/DCR0003_TA/V350083339_L01_B5GHUMxlydRAAAA-522_1.fq.gz,/home/ckane/crc_more2/DCR0003_TA/V350083339_L01_B5GHUMxlydRAAAA-522_2.fq.gz,DCR0003_TA,DCR0003_TA,2024-05-28T10:43:29,ILLUMINA,BGI
DCR0003_TA_L03_522,DCR0003_TA,DCR0003,T,/home/ckane/crc_more2/DCR0003_TA/V350083339_L03_B5GHUMxlydRAAAA-522_1.fq.gz,/home/ckane/crc_more2/DCR0003_TA/V350083339_L03_B5GHUMxlydRAAAA-522_2.fq.gz,DCR0003_TA,DCR0003_TA,2024-05-28T10:43:29,ILLUMINA,BGI
DCR0003_TA_L01_523,DCR0003_TA,DCR0003,T,/home/ckane/crc_more2/DCR0003_TA/V350083339_L01_B5GHUMxlydRAAAA-523_1.fq.gz,/home/ckane/crc_more2/DCR0003_TA/V350083339_L01_B5GHUMxlydRAAAA-523_2.fq.gz,DCR0003_TA,DCR0003_TA,2024-05-28T10:43:29,ILLUMINA,BGI
DCR0003_TA_L02_523,DCR0003_TA,DCR0003,T,/home/ckane/crc_more2/DCR0003_TA/V350083339_L02_B5GHUMxlydRAAAA-523_1.fq.gz,/home/ckane/crc_more2/DCR0003_TA/V350083339_L02_B5GHUMxlydRAAAA-523_2.fq.gz,DCR0003_TA,DCR0003_TA,2024-05-28T10:43:29,ILLUMINA,BGI
DCR0003_TA_L02_518,DCR0003_TA,DCR0003,T,/home/ckane/crc_more2/DCR0003_TA/V350083339_L02_B5GHUMxlydRAAAA-518_1.fq.gz,/home/ckane/crc_more2/DCR0003_TA/V350083339_L02_B5GHUMxlydRAAAA-518_2.fq.gz,DCR0003_TA,DCR0003_TA,2024-05-28T10:43:29,ILLUMINA,BGI
DCR0003_TA_L01_517,DCR0003_TA,DCR0003,T,/home/ckane/crc_more2/DCR0003_TA/V350083339_L01_B5GHUMxlydRAAAA-517_1.fq.gz,/home/ckane/crc_more2/DCR0003_TA/V350083339_L01_B5GHUMxlydRAAAA-517_2.fq.gz,DCR0003_TA,DCR0003_TA,2024-05-28T10:43:29,ILLUMINA,BGI
DCR0003_TA_L02_517,DCR0003_TA,DCR0003,T,/home/ckane/crc_more2/DCR0003_TA/V350083339_L02_B5GHUMxlydRAAAA-517_1.fq.gz,/home/ckane/crc_more2/DCR0003_TA/V350083339_L02_B5GHUMxlydRAAAA-517_2.fq.gz,DCR0003_TA,DCR0003_TA,2024-05-28T10:43:29,ILLUMINA,BGI
DCR0003_TA_L01_520,DCR0003_TA,DCR0003,T,/home/ckane/crc_more2/DCR0003_TA/V350083339_L01_B5GHUMxlydRAAAA-520_1.fq.gz,/home/ckane/crc_more2/DCR0003_TA/V350083339_L01_B5GHUMxlydRAAAA-520_2.fq.gz,DCR0003_TA,DCR0003_TA,2024-05-28T10:43:29,ILLUMINA,BGI
DCR0003_TA_L02_521,DCR0003_TA,DCR0003,T,/home/ckane/crc_more2/DCR0003_TA/V350083339_L02_B5GHUMxlydRAAAA-521_1.fq.gz,/home/ckane/crc_more2/DCR0003_TA/V350083339_L02_B5GHUMxlydRAAAA-521_2.fq.gz,DCR0003_TA,DCR0003_TA,2024-05-28T10:43:29,ILLUMINA,BGI
DCR0003_TA_L03_521,DCR0003_TA,DCR0003,T,/home/ckane/crc_more2/DCR0003_TA/V350083339_L03_B5GHUMxlydRAAAA-521_1.fq.gz,/home/ckane/crc_more2/DCR0003_TA/V350083339_L03_B5GHUMxlydRAAAA-521_2.fq.gz,DCR0003_TA,DCR0003_TA,2024-05-28T10:43:29,ILLUMINA,BGI
DCR0003_TA_L02_522,DCR0003_TA,DCR0003,T,/home/ckane/crc_more2/DCR0003_TA/V350083339_L02_B5GHUMxlydRAAAA-522_1.fq.gz,/home/ckane/crc_more2/DCR0003_TA/V350083339_L02_B5GHUMxlydRAAAA-522_2.fq.gz,DCR0003_TA,DCR0003_TA,2024-05-28T10:43:29,ILLUMINA,BGI
DCR0011_NA_L02_546,DCR0011_NA,DCR0011,N,/home/ckane/crc_more2/DCR0011_NA/V350082385_L02_B5GHUMxlydRAADA-546_1.fq.gz,/home/ckane/crc_more2/DCR0011_NA/V350082385_L02_B5GHUMxlydRAADA-546_2.fq.gz,DCR0011_NA,DCR0011_NA,2024-05-28T10:43:29,ILLUMINA,BGI
DCR0011_NA_L02_547,DCR0011_NA,DCR0011,N,/home/ckane/crc_more2/DCR0011_NA/V350082385_L02_B5GHUMxlydRAADA-547_1.fq.gz,/home/ckane/crc_more2/DCR0011_NA/V350082385_L02_B5GHUMxlydRAADA-547_2.fq.gz,DCR0011_NA,DCR0011_NA,2024-05-28T10:43:29,ILLUMINA,BGI
DCR0011_NA_L01_548,DCR0011_NA,DCR0011,N,/home/ckane/crc_more2/DCR0011_NA/V350082385_L01_B5GHUMxlydRAADA-548_1.fq.gz,/home/ckane/crc_more2/DCR0011_NA/V350082385_L01_B5GHUMxlydRAADA-548_2.fq.gz,DCR0011_NA,DCR0011_NA,2024-05-28T10:43:29,ILLUMINA,BGI
DCR0011_NA_L01_541,DCR0011_NA,DCR0011,N,/home/ckane/crc_more2/DCR0011_NA/V350082385_L01_B5GHUMxlydRAADA-541_1.fq.gz,/home/ckane/crc_more2/DCR0011_NA/V350082385_L01_B5GHUMxlydRAADA-541_2.fq.gz,DCR0011_NA,DCR0011_NA,2024-05-28T10:43:29,ILLUMINA,BGI
DCR0011_NA_L02_548,DCR0011_NA,DCR0011,N,/home/ckane/crc_more2/DCR0011_NA/V350082385_L02_B5GHUMxlydRAADA-548_1.fq.gz,/home/ckane/crc_more2/DCR0011_NA/V350082385_L02_B5GHUMxlydRAADA-548_2.fq.gz,DCR0011_NA,DCR0011_NA,2024-05-28T10:43:29,ILLUMINA,BGI
DCR0011_NA_L02_543,DCR0011_NA,DCR0011,N,/home/ckane/crc_more2/DCR0011_NA/V350082385_L02_B5GHUMxlydRAADA-543_1.fq.gz,/home/ckane/crc_more2/DCR0011_NA/V350082385_L02_B5GHUMxlydRAADA-543_2.fq.gz,DCR0011_NA,DCR0011_NA,2024-05-28T10:43:29,ILLUMINA,BGI
DCR0011_NA_L04_546,DCR0011_NA,DCR0011,N,/home/ckane/crc_more2/DCR0011_NA/V350082387_L04_B5GHUMxlydRAADA-546_1.fq.gz,/home/ckane/crc_more2/DCR0011_NA/V350082387_L04_B5GHUMxlydRAADA-546_2.fq.gz,DCR0011_NA,DCR0011_NA,2024-05-28T10:43:29,ILLUMINA,BGI
DCR0011_NA_L04_544,DCR0011_NA,DCR0011,N,/home/ckane/crc_more2/DCR0011_NA/V350082387_L04_B5GHUMxlydRAADA-544_1.fq.gz,/home/ckane/crc_more2/DCR0011_NA/V350082387_L04_B5GHUMxlydRAADA-544_2.fq.gz,DCR0011_NA,DCR0011_NA,2024-05-28T10:43:29,ILLUMINA,BGI
DCR0011_NA_L04_542,DCR0011_NA,DCR0011,N,/home/ckane/crc_more2/DCR0011_NA/V350082387_L04_B5GHUMxlydRAADA-542_1.fq.gz,/home/ckane/crc_more2/DCR0011_NA/V350082387_L04_B5GHUMxlydRAADA-542_2.fq.gz,DCR0011_NA,DCR0011_NA,2024-05-28T10:43:29,ILLUMINA,BGI
DCR0011_NA_L01_542,DCR0011_NA,DCR0011,N,/home/ckane/crc_more2/DCR0011_NA/V350082385_L01_B5GHUMxlydRAADA-542_1.fq.gz,/home/ckane/crc_more2/DCR0011_NA/V350082385_L01_B5GHUMxlydRAADA-542_2.fq.gz,DCR0011_NA,DCR0011_NA,2024-05-28T10:43:29,ILLUMINA,BGI
DCR0011_NA_L01_546,DCR0011_NA,DCR0011,N,/home/ckane/crc_more2/DCR0011_NA/V350082385_L01_B5GHUMxlydRAADA-546_1.fq.gz,/home/ckane/crc_more2/DCR0011_NA/V350082385_L01_B5GHUMxlydRAADA-546_2.fq.gz,DCR0011_NA,DCR0011_NA,2024-05-28T10:43:29,ILLUMINA,BGI
DCR0011_NA_L04_548,DCR0011_NA,DCR0011,N,/home/ckane/crc_more2/DCR0011_NA/V350082387_L04_B5GHUMxlydRAADA-548_1.fq.gz,/home/ckane/crc_more2/DCR0011_NA/V350082387_L04_B5GHUMxlydRAADA-548_2.fq.gz,DCR0011_NA,DCR0011_NA,2024-05-28T10:43:29,ILLUMINA,BGI
DCR0011_NA_L02_541,DCR0011_NA,DCR0011,N,/home/ckane/crc_more2/DCR0011_NA/V350082385_L02_B5GHUMxlydRAADA-541_1.fq.gz,/home/ckane/crc_more2/DCR0011_NA/V350082385_L02_B5GHUMxlydRAADA-541_2.fq.gz,DCR0011_NA,DCR0011_NA,2024-05-28T10:43:29,ILLUMINA,BGI
DCR0011_NA_L01_544,DCR0011_NA,DCR0011,N,/home/ckane/crc_more2/DCR0011_NA/V350082385_L01_B5GHUMxlydRAADA-544_1.fq.gz,/home/ckane/crc_more2/DCR0011_NA/V350082385_L01_B5GHUMxlydRAADA-544_2.fq.gz,DCR0011_NA,DCR0011_NA,2024-05-28T10:43:29,ILLUMINA,BGI
DCR0011_NA_L02_542,DCR0011_NA,DCR0011,N,/home/ckane/crc_more2/DCR0011_NA/V350082385_L02_B5GHUMxlydRAADA-542_1.fq.gz,/home/ckane/crc_more2/DCR0011_NA/V350082385_L02_B5GHUMxlydRAADA-542_2.fq.gz,DCR0011_NA,DCR0011_NA,2024-05-28T10:43:29,ILLUMINA,BGI
DCR0011_NA_L01_545,DCR0011_NA,DCR0011,N,/home/ckane/crc_more2/DCR0011_NA/V350082385_L01_B5GHUMxlydRAADA-545_1.fq.gz,/home/ckane/crc_more2/DCR0011_NA/V350082385_L01_B5GHUMxlydRAADA-545_2.fq.gz,DCR0011_NA,DCR0011_NA,2024-05-28T10:43:29,ILLUMINA,BGI
DCR0011_NA_L02_544,DCR0011_NA,DCR0011,N,/home/ckane/crc_more2/DCR0011_NA/V350082385_L02_B5GHUMxlydRAADA-544_1.fq.gz,/home/ckane/crc_more2/DCR0011_NA/V350082385_L02_B5GHUMxlydRAADA-544_2.fq.gz,DCR0011_NA,DCR0011_NA,2024-05-28T10:43:29,ILLUMINA,BGI
DCR0011_NA_L04_545,DCR0011_NA,DCR0011,N,/home/ckane/crc_more2/DCR0011_NA/V350082387_L04_B5GHUMxlydRAADA-545_1.fq.gz,/home/ckane/crc_more2/DCR0011_NA/V350082387_L04_B5GHUMxlydRAADA-545_2.fq.gz,DCR0011_NA,DCR0011_NA,2024-05-28T10:43:29,ILLUMINA,BGI
DCR0011_NA_L04_543,DCR0011_NA,DCR0011,N,/home/ckane/crc_more2/DCR0011_NA/V350082387_L04_B5GHUMxlydRAADA-543_1.fq.gz,/home/ckane/crc_more2/DCR0011_NA/V350082387_L04_B5GHUMxlydRAADA-543_2.fq.gz,DCR0011_NA,DCR0011_NA,2024-05-28T10:43:29,ILLUMINA,BGI
DCR0011_NA_L01_543,DCR0011_NA,DCR0011,N,/home/ckane/crc_more2/DCR0011_NA/V350082385_L01_B5GHUMxlydRAADA-543_1.fq.gz,/home/ckane/crc_more2/DCR0011_NA/V350082385_L01_B5GHUMxlydRAADA-543_2.fq.gz,DCR0011_NA,DCR0011_NA,2024-05-28T10:43:29,ILLUMINA,BGI
DCR0011_NA_L01_547,DCR0011_NA,DCR0011,N,/home/ckane/crc_more2/DCR0011_NA/V350082385_L01_B5GHUMxlydRAADA-547_1.fq.gz,/home/ckane/crc_more2/DCR0011_NA/V350082385_L01_B5GHUMxlydRAADA-547_2.fq.gz,DCR0011_NA,DCR0011_NA,2024-05-28T10:43:29,ILLUMINA,BGI
DCR0011_NA_L04_541,DCR0011_NA,DCR0011,N,/home/ckane/crc_more2/DCR0011_NA/V350082387_L04_B5GHUMxlydRAADA-541_1.fq.gz,/home/ckane/crc_more2/DCR0011_NA/V350082387_L04_B5GHUMxlydRAADA-541_2.fq.gz,DCR0011_NA,DCR0011_NA,2024-05-28T10:43:29,ILLUMINA,BGI
DCR0011_NA_L04_547,DCR0011_NA,DCR0011,N,/home/ckane/crc_more2/DCR0011_NA/V350082387_L04_B5GHUMxlydRAADA-547_1.fq.gz,/home/ckane/crc_more2/DCR0011_NA/V350082387_L04_B5GHUMxlydRAADA-547_2.fq.gz,DCR0011_NA,DCR0011_NA,2024-05-28T10:43:29,ILLUMINA,BGI
DCR0011_NA_L02_545,DCR0011_NA,DCR0011,N,/home/ckane/crc_more2/DCR0011_NA/V350082385_L02_B5GHUMxlydRAADA-545_1.fq.gz,/home/ckane/crc_more2/DCR0011_NA/V350082385_L02_B5GHUMxlydRAADA-545_2.fq.gz,DCR0011_NA,DCR0011_NA,2024-05-28T10:43:29,ILLUMINA,BGI
DCR0045_NA_L04_584,DCR0045_NA,DCR0045,N,/home/ckane/crc_more2/DCR0045_NA/V350093905_L04_B5GHUMkxaqRAACA-584_1.fq.gz,/home/ckane/crc_more2/DCR0045_NA/V350093905_L04_B5GHUMkxaqRAACA-584_2.fq.gz,DCR0045_NA,DCR0045_NA,2024-05-28T10:43:29,ILLUMINA,BGI
DCR0045_NA_L04_586,DCR0045_NA,DCR0045,N,/home/ckane/crc_more2/DCR0045_NA/V350094712_L04_B5GHUMkxaqRAACA-586_1.fq.gz,/home/ckane/crc_more2/DCR0045_NA/V350094712_L04_B5GHUMkxaqRAACA-586_2.fq.gz,DCR0045_NA,DCR0045_NA,2024-05-28T10:43:29,ILLUMINA,BGI
DCR0045_NA_L04_587,DCR0045_NA,DCR0045,N,/home/ckane/crc_more2/DCR0045_NA/V350093905_L04_B5GHUMkxaqRAACA-587_1.fq.gz,/home/ckane/crc_more2/DCR0045_NA/V350093905_L04_B5GHUMkxaqRAACA-587_2.fq.gz,DCR0045_NA,DCR0045_NA,2024-05-28T10:43:29,ILLUMINA,BGI
DCR0045_NA_L04_585,DCR0045_NA,DCR0045,N,/home/ckane/crc_more2/DCR0045_NA/V350094712_L04_B5GHUMkxaqRAACA-585_1.fq.gz,/home/ckane/crc_more2/DCR0045_NA/V350094712_L04_B5GHUMkxaqRAACA-585_2.fq.gz,DCR0045_NA,DCR0045_NA,2024-05-28T10:43:29,ILLUMINA,BGI
DCR0045_NA_L01_587,DCR0045_NA,DCR0045,N,/home/ckane/crc_more2/DCR0045_NA/V350094595_L01_B5GHUMkxaqRAACA-587_1.fq.gz,/home/ckane/crc_more2/DCR0045_NA/V350094595_L01_B5GHUMkxaqRAACA-587_2.fq.gz,DCR0045_NA,DCR0045_NA,2024-05-28T10:43:29,ILLUMINA,BGI
DCR0045_NA_L04_582,DCR0045_NA,DCR0045,N,/home/ckane/crc_more2/DCR0045_NA/V350093905_L04_B5GHUMkxaqRAACA-582_1.fq.gz,/home/ckane/crc_more2/DCR0045_NA/V350093905_L04_B5GHUMkxaqRAACA-582_2.fq.gz,DCR0045_NA,DCR0045_NA,2024-05-28T10:43:29,ILLUMINA,BGI
DCR0045_NA_L01_585,DCR0045_NA,DCR0045,N,/home/ckane/crc_more2/DCR0045_NA/V350094595_L01_B5GHUMkxaqRAACA-585_1.fq.gz,/home/ckane/crc_more2/DCR0045_NA/V350094595_L01_B5GHUMkxaqRAACA-585_2.fq.gz,DCR0045_NA,DCR0045_NA,2024-05-28T10:43:29,ILLUMINA,BGI
DCR0045_NA_L01_584,DCR0045_NA,DCR0045,N,/home/ckane/crc_more2/DCR0045_NA/V350094595_L01_B5GHUMkxaqRAACA-584_1.fq.gz,/home/ckane/crc_more2/DCR0045_NA/V350094595_L01_B5GHUMkxaqRAACA-584_2.fq.gz,DCR0045_NA,DCR0045_NA,2024-05-28T10:43:29,ILLUMINA,BGI
DCR0045_NA_L04_583,DCR0045_NA,DCR0045,N,/home/ckane/crc_more2/DCR0045_NA/V350094712_L04_B5GHUMkxaqRAACA-583_1.fq.gz,/home/ckane/crc_more2/DCR0045_NA/V350094712_L04_B5GHUMkxaqRAACA-583_2.fq.gz,DCR0045_NA,DCR0045_NA,2024-05-28T10:43:29,ILLUMINA,BGI
DCR0045_NA_L01_586,DCR0045_NA,DCR0045,N,/home/ckane/crc_more2/DCR0045_NA/V350094595_L01_B5GHUMkxaqRAACA-586_1.fq.gz,/home/ckane/crc_more2/DCR0045_NA/V350094595_L01_B5GHUMkxaqRAACA-586_2.fq.gz,DCR0045_NA,DCR0045_NA,2024-05-28T10:43:29,ILLUMINA,BGI
DCR0045_NA_L04_581,DCR0045_NA,DCR0045,N,/home/ckane/crc_more2/DCR0045_NA/V350093905_L04_B5GHUMkxaqRAACA-581_1.fq.gz,/home/ckane/crc_more2/DCR0045_NA/V350093905_L04_B5GHUMkxaqRAACA-581_2.fq.gz,DCR0045_NA,DCR0045_NA,2024-05-28T10:43:29,ILLUMINA,BGI
DCR0045_NA_L04_588,DCR0045_NA,DCR0045,N,/home/ckane/crc_more2/DCR0045_NA/V350094712_L04_B5GHUMkxaqRAACA-588_1.fq.gz,/home/ckane/crc_more2/DCR0045_NA/V350094712_L04_B5GHUMkxaqRAACA-588_2.fq.gz,DCR0045_NA,DCR0045_NA,2024-05-28T10:43:29,ILLUMINA,BGI
DCR0045_NA_L01_588,DCR0045_NA,DCR0045,N,/home/ckane/crc_more2/DCR0045_NA/V350094595_L01_B5GHUMkxaqRAACA-588_1.fq.gz,/home/ckane/crc_more2/DCR0045_NA/V350094595_L01_B5GHUMkxaqRAACA-588_2.fq.gz,DCR0045_NA,DCR0045_NA,2024-05-28T10:43:29,ILLUMINA,BGI
DCR0045_NA_L01_582,DCR0045_NA,DCR0045,N,/home/ckane/crc_more2/DCR0045_NA/V350094595_L01_B5GHUMkxaqRAACA-582_1.fq.gz,/home/ckane/crc_more2/DCR0045_NA/V350094595_L01_B5GHUMkxaqRAACA-582_2.fq.gz,DCR0045_NA,DCR0045_NA,2024-05-28T10:43:29,ILLUMINA,BGI
DCR0045_NA_L01_581,DCR0045_NA,DCR0045,N,/home/ckane/crc_more2/DCR0045_NA/V350094595_L01_B5GHUMkxaqRAACA-581_1.fq.gz,/home/ckane/crc_more2/DCR0045_NA/V350094595_L01_B5GHUMkxaqRAACA-581_2.fq.gz,DCR0045_NA,DCR0045_NA,2024-05-28T10:43:29,ILLUMINA,BGI
DCR0045_NA_L01_583,DCR0045_NA,DCR0045,N,/home/ckane/crc_more2/DCR0045_NA/V350094595_L01_B5GHUMkxaqRAACA-583_1.fq.gz,/home/ckane/crc_more2/DCR0045_NA/V350094595_L01_B5GHUMkxaqRAACA-583_2.fq.gz,DCR0045_NA,DCR0045_NA,2024-05-28T10:43:29,ILLUMINA,BGI
DCR0027_TA_L01_554,DCR0027_TA,DCR0027,T,/home/ckane/crc_more2/DCR0027_TA/V350082501_L01_B5GHUMxlydRAAEA-554_1.fq.gz,/home/ckane/crc_more2/DCR0027_TA/V350082501_L01_B5GHUMxlydRAAEA-554_2.fq.gz,DCR0027_TA,DCR0027_TA,2024-05-28T10:43:29,ILLUMINA,BGI
DCR0027_TA_L04_556,DCR0027_TA,DCR0027,T,/home/ckane/crc_more2/DCR0027_TA/V350082385_L04_B5GHUMxlydRAAEA-556_1.fq.gz,/home/ckane/crc_more2/DCR0027_TA/V350082385_L04_B5GHUMxlydRAAEA-556_2.fq.gz,DCR0027_TA,DCR0027_TA,2024-05-28T10:43:29,ILLUMINA,BGI
DCR0027_TA_L03_552,DCR0027_TA,DCR0027,T,/home/ckane/crc_more2/DCR0027_TA/V350082385_L03_B5GHUMxlydRAAEA-552_1.fq.gz,/home/ckane/crc_more2/DCR0027_TA/V350082385_L03_B5GHUMxlydRAAEA-552_2.fq.gz,DCR0027_TA,DCR0027_TA,2024-05-28T10:43:29,ILLUMINA,BGI
DCR0027_TA_L04_555,DCR0027_TA,DCR0027,T,/home/ckane/crc_more2/DCR0027_TA/V350082385_L04_B5GHUMxlydRAAEA-555_1.fq.gz,/home/ckane/crc_more2/DCR0027_TA/V350082385_L04_B5GHUMxlydRAAEA-555_2.fq.gz,DCR0027_TA,DCR0027_TA,2024-05-28T10:43:29,ILLUMINA,BGI
DCR0027_TA_L04_553,DCR0027_TA,DCR0027,T,/home/ckane/crc_more2/DCR0027_TA/V350082385_L04_B5GHUMxlydRAAEA-553_1.fq.gz,/home/ckane/crc_more2/DCR0027_TA/V350082385_L04_B5GHUMxlydRAAEA-553_2.fq.gz,DCR0027_TA,DCR0027_TA,2024-05-28T10:43:29,ILLUMINA,BGI
DCR0027_TA_L01_551,DCR0027_TA,DCR0027,T,/home/ckane/crc_more2/DCR0027_TA/V350082501_L01_B5GHUMxlydRAAEA-551_1.fq.gz,/home/ckane/crc_more2/DCR0027_TA/V350082501_L01_B5GHUMxlydRAAEA-551_2.fq.gz,DCR0027_TA,DCR0027_TA,2024-05-28T10:43:29,ILLUMINA,BGI
DCR0027_TA_L03_554,DCR0027_TA,DCR0027,T,/home/ckane/crc_more2/DCR0027_TA/V350082385_L03_B5GHUMxlydRAAEA-554_1.fq.gz,/home/ckane/crc_more2/DCR0027_TA/V350082385_L03_B5GHUMxlydRAAEA-554_2.fq.gz,DCR0027_TA,DCR0027_TA,2024-05-28T10:43:29,ILLUMINA,BGI
DCR0027_TA_L04_550,DCR0027_TA,DCR0027,T,/home/ckane/crc_more2/DCR0027_TA/V350082385_L04_B5GHUMxlydRAAEA-550_1.fq.gz,/home/ckane/crc_more2/DCR0027_TA/V350082385_L04_B5GHUMxlydRAAEA-550_2.fq.gz,DCR0027_TA,DCR0027_TA,2024-05-28T10:43:29,ILLUMINA,BGI
DCR0027_TA_L04_552,DCR0027_TA,DCR0027,T,/home/ckane/crc_more2/DCR0027_TA/V350082385_L04_B5GHUMxlydRAAEA-552_1.fq.gz,/home/ckane/crc_more2/DCR0027_TA/V350082385_L04_B5GHUMxlydRAAEA-552_2.fq.gz,DCR0027_TA,DCR0027_TA,2024-05-28T10:43:29,ILLUMINA,BGI
DCR0027_TA_L03_551,DCR0027_TA,DCR0027,T,/home/ckane/crc_more2/DCR0027_TA/V350082385_L03_B5GHUMxlydRAAEA-551_1.fq.gz,/home/ckane/crc_more2/DCR0027_TA/V350082385_L03_B5GHUMxlydRAAEA-551_2.fq.gz,DCR0027_TA,DCR0027_TA,2024-05-28T10:43:29,ILLUMINA,BGI
DCR0027_TA_L04_549,DCR0027_TA,DCR0027,T,/home/ckane/crc_more2/DCR0027_TA/V350082385_L04_B5GHUMxlydRAAEA-549_1.fq.gz,/home/ckane/crc_more2/DCR0027_TA/V350082385_L04_B5GHUMxlydRAAEA-549_2.fq.gz,DCR0027_TA,DCR0027_TA,2024-05-28T10:43:29,ILLUMINA,BGI
DCR0027_TA_L04_551,DCR0027_TA,DCR0027,T,/home/ckane/crc_more2/DCR0027_TA/V350082385_L04_B5GHUMxlydRAAEA-551_1.fq.gz,/home/ckane/crc_more2/DCR0027_TA/V350082385_L04_B5GHUMxlydRAAEA-551_2.fq.gz,DCR0027_TA,DCR0027_TA,2024-05-28T10:43:29,ILLUMINA,BGI
DCR0027_TA_L01_550,DCR0027_TA,DCR0027,T,/home/ckane/crc_more2/DCR0027_TA/V350082501_L01_B5GHUMxlydRAAEA-550_1.fq.gz,/home/ckane/crc_more2/DCR0027_TA/V350082501_L01_B5GHUMxlydRAAEA-550_2.fq.gz,DCR0027_TA,DCR0027_TA,2024-05-28T10:43:29,ILLUMINA,BGI
DCR0027_TA_L03_553,DCR0027_TA,DCR0027,T,/home/ckane/crc_more2/DCR0027_TA/V350082385_L03_B5GHUMxlydRAAEA-553_1.fq.gz,/home/ckane/crc_more2/DCR0027_TA/V350082385_L03_B5GHUMxlydRAAEA-553_2.fq.gz,DCR0027_TA,DCR0027_TA,2024-05-28T10:43:29,ILLUMINA,BGI
DCR0027_TA_L01_555,DCR0027_TA,DCR0027,T,/home/ckane/crc_more2/DCR0027_TA/V350082501_L01_B5GHUMxlydRAAEA-555_1.fq.gz,/home/ckane/crc_more2/DCR0027_TA/V350082501_L01_B5GHUMxlydRAAEA-555_2.fq.gz,DCR0027_TA,DCR0027_TA,2024-05-28T10:43:29,ILLUMINA,BGI
DCR0027_TA_L04_554,DCR0027_TA,DCR0027,T,/home/ckane/crc_more2/DCR0027_TA/V350082385_L04_B5GHUMxlydRAAEA-554_1.fq.gz,/home/ckane/crc_more2/DCR0027_TA/V350082385_L04_B5GHUMxlydRAAEA-554_2.fq.gz,DCR0027_TA,DCR0027_TA,2024-05-28T10:43:29,ILLUMINA,BGI
DCR0027_TA_L03_550,DCR0027_TA,DCR0027,T,/home/ckane/crc_more2/DCR0027_TA/V350082385_L03_B5GHUMxlydRAAEA-550_1.fq.gz,/home/ckane/crc_more2/DCR0027_TA/V350082385_L03_B5GHUMxlydRAAEA-550_2.fq.gz,DCR0027_TA,DCR0027_TA,2024-05-28T10:43:29,ILLUMINA,BGI
DCR0027_TA_L03_555,DCR0027_TA,DCR0027,T,/home/ckane/crc_more2/DCR0027_TA/V350082385_L03_B5GHUMxlydRAAEA-555_1.fq.gz,/home/ckane/crc_more2/DCR0027_TA/V350082385_L03_B5GHUMxlydRAAEA-555_2.fq.gz,DCR0027_TA,DCR0027_TA,2024-05-28T10:43:29,ILLUMINA,BGI
DCR0027_TA_L01_552,DCR0027_TA,DCR0027,T,/home/ckane/crc_more2/DCR0027_TA/V350082501_L01_B5GHUMxlydRAAEA-552_1.fq.gz,/home/ckane/crc_more2/DCR0027_TA/V350082501_L01_B5GHUMxlydRAAEA-552_2.fq.gz,DCR0027_TA,DCR0027_TA,2024-05-28T10:43:29,ILLUMINA,BGI
DCR0027_TA_L01_556,DCR0027_TA,DCR0027,T,/home/ckane/crc_more2/DCR0027_TA/V350082501_L01_B5GHUMxlydRAAEA-556_1.fq.gz,/home/ckane/crc_more2/DCR0027_TA/V350082501_L01_B5GHUMxlydRAAEA-556_2.fq.gz,DCR0027_TA,DCR0027_TA,2024-05-28T10:43:29,ILLUMINA,BGI
DCR0027_TA_L01_549,DCR0027_TA,DCR0027,T,/home/ckane/crc_more2/DCR0027_TA/V350082501_L01_B5GHUMxlydRAAEA-549_1.fq.gz,/home/ckane/crc_more2/DCR0027_TA/V350082501_L01_B5GHUMxlydRAAEA-549_2.fq.gz,DCR0027_TA,DCR0027_TA,2024-05-28T10:43:29,ILLUMINA,BGI
DCR0027_TA_L01_553,DCR0027_TA,DCR0027,T,/home/ckane/crc_more2/DCR0027_TA/V350082501_L01_B5GHUMxlydRAAEA-553_1.fq.gz,/home/ckane/crc_more2/DCR0027_TA/V350082501_L01_B5GHUMxlydRAAEA-553_2.fq.gz,DCR0027_TA,DCR0027_TA,2024-05-28T10:43:29,ILLUMINA,BGI
DCR0027_TA_L03_556,DCR0027_TA,DCR0027,T,/home/ckane/crc_more2/DCR0027_TA/V350082385_L03_B5GHUMxlydRAAEA-556_1.fq.gz,/home/ckane/crc_more2/DCR0027_TA/V350082385_L03_B5GHUMxlydRAAEA-556_2.fq.gz,DCR0027_TA,DCR0027_TA,2024-05-28T10:43:29,ILLUMINA,BGI
DCR0027_TA_L03_549,DCR0027_TA,DCR0027,T,/home/ckane/crc_more2/DCR0027_TA/V350082385_L03_B5GHUMxlydRAAEA-549_1.fq.gz,/home/ckane/crc_more2/DCR0027_TA/V350082385_L03_B5GHUMxlydRAAEA-549_2.fq.gz,DCR0027_TA,DCR0027_TA,2024-05-28T10:43:29,ILLUMINA,BGI
DCR002_NA_L01_514,DCR002_NA,DCR002,N,/home/ckane/crc_more2/DCR002_NA/V350150521_L01_B5GHOMrkogRAABA-514_1.fq.gz,/home/ckane/crc_more2/DCR002_NA/V350150521_L01_B5GHOMrkogRAABA-514_2.fq.gz,DCR002_NA,DCR002_NA,2024-05-28T10:43:29,ILLUMINA,BGI
DCR002_NA_L03_510,DCR002_NA,DCR002,N,/home/ckane/crc_more2/DCR002_NA/V350150521_L03_B5GHOMrkogRAABA-510_1.fq.gz,/home/ckane/crc_more2/DCR002_NA/V350150521_L03_B5GHOMrkogRAABA-510_2.fq.gz,DCR002_NA,DCR002_NA,2024-05-28T10:43:29,ILLUMINA,BGI
DCR002_NA_L04_513,DCR002_NA,DCR002,N,/home/ckane/crc_more2/DCR002_NA/V350150521_L04_B5GHOMrkogRAABA-513_1.fq.gz,/home/ckane/crc_more2/DCR002_NA/V350150521_L04_B5GHOMrkogRAABA-513_2.fq.gz,DCR002_NA,DCR002_NA,2024-05-28T10:43:29,ILLUMINA,BGI
DCR002_NA_L01_512,DCR002_NA,DCR002,N,/home/ckane/crc_more2/DCR002_NA/V350150521_L01_B5GHOMrkogRAABA-512_1.fq.gz,/home/ckane/crc_more2/DCR002_NA/V350150521_L01_B5GHOMrkogRAABA-512_2.fq.gz,DCR002_NA,DCR002_NA,2024-05-28T10:43:29,ILLUMINA,BGI
DCR002_NA_L04_512,DCR002_NA,DCR002,N,/home/ckane/crc_more2/DCR002_NA/V350150521_L04_B5GHOMrkogRAABA-512_1.fq.gz,/home/ckane/crc_more2/DCR002_NA/V350150521_L04_B5GHOMrkogRAABA-512_2.fq.gz,DCR002_NA,DCR002_NA,2024-05-28T10:43:29,ILLUMINA,BGI
DCR002_NA_L01_509,DCR002_NA,DCR002,N,/home/ckane/crc_more2/DCR002_NA/V350150521_L01_B5GHOMrkogRAABA-509_1.fq.gz,/home/ckane/crc_more2/DCR002_NA/V350150521_L01_B5GHOMrkogRAABA-509_2.fq.gz,DCR002_NA,DCR002_NA,2024-05-28T10:43:29,ILLUMINA,BGI
DCR002_NA_L03_509,DCR002_NA,DCR002,N,/home/ckane/crc_more2/DCR002_NA/V350150521_L03_B5GHOMrkogRAABA-509_1.fq.gz,/home/ckane/crc_more2/DCR002_NA/V350150521_L03_B5GHOMrkogRAABA-509_2.fq.gz,DCR002_NA,DCR002_NA,2024-05-28T10:43:29,ILLUMINA,BGI
DCR002_NA_L04_515,DCR002_NA,DCR002,N,/home/ckane/crc_more2/DCR002_NA/V350150521_L04_B5GHOMrkogRAABA-515_1.fq.gz,/home/ckane/crc_more2/DCR002_NA/V350150521_L04_B5GHOMrkogRAABA-515_2.fq.gz,DCR002_NA,DCR002_NA,2024-05-28T10:43:29,ILLUMINA,BGI
DCR002_NA_L02_511,DCR002_NA,DCR002,N,/home/ckane/crc_more2/DCR002_NA/V350150521_L02_B5GHOMrkogRAABA-511_1.fq.gz,/home/ckane/crc_more2/DCR002_NA/V350150521_L02_B5GHOMrkogRAABA-511_2.fq.gz,DCR002_NA,DCR002_NA,2024-05-28T10:43:29,ILLUMINA,BGI
DCR002_NA_L04_514,DCR002_NA,DCR002,N,/home/ckane/crc_more2/DCR002_NA/V350150521_L04_B5GHOMrkogRAABA-514_1.fq.gz,/home/ckane/crc_more2/DCR002_NA/V350150521_L04_B5GHOMrkogRAABA-514_2.fq.gz,DCR002_NA,DCR002_NA,2024-05-28T10:43:29,ILLUMINA,BGI
DCR002_NA_L02_509,DCR002_NA,DCR002,N,/home/ckane/crc_more2/DCR002_NA/V350150521_L02_B5GHOMrkogRAABA-509_1.fq.gz,/home/ckane/crc_more2/DCR002_NA/V350150521_L02_B5GHOMrkogRAABA-509_2.fq.gz,DCR002_NA,DCR002_NA,2024-05-28T10:43:29,ILLUMINA,BGI
DCR002_NA_L02_513,DCR002_NA,DCR002,N,/home/ckane/crc_more2/DCR002_NA/V350150521_L02_B5GHOMrkogRAABA-513_1.fq.gz,/home/ckane/crc_more2/DCR002_NA/V350150521_L02_B5GHOMrkogRAABA-513_2.fq.gz,DCR002_NA,DCR002_NA,2024-05-28T10:43:29,ILLUMINA,BGI
DCR002_NA_L02_510,DCR002_NA,DCR002,N,/home/ckane/crc_more2/DCR002_NA/V350150521_L02_B5GHOMrkogRAABA-510_1.fq.gz,/home/ckane/crc_more2/DCR002_NA/V350150521_L02_B5GHOMrkogRAABA-510_2.fq.gz,DCR002_NA,DCR002_NA,2024-05-28T10:43:29,ILLUMINA,BGI
DCR002_NA_L02_515,DCR002_NA,DCR002,N,/home/ckane/crc_more2/DCR002_NA/V350150521_L02_B5GHOMrkogRAABA-515_1.fq.gz,/home/ckane/crc_more2/DCR002_NA/V350150521_L02_B5GHOMrkogRAABA-515_2.fq.gz,DCR002_NA,DCR002_NA,2024-05-28T10:43:29,ILLUMINA,BGI
DCR002_NA_L01_511,DCR002_NA,DCR002,N,/home/ckane/crc_more2/DCR002_NA/V350150521_L01_B5GHOMrkogRAABA-511_1.fq.gz,/home/ckane/crc_more2/DCR002_NA/V350150521_L01_B5GHOMrkogRAABA-511_2.fq.gz,DCR002_NA,DCR002_NA,2024-05-28T10:43:29,ILLUMINA,BGI
DCR002_NA_L04_511,DCR002_NA,DCR002,N,/home/ckane/crc_more2/DCR002_NA/V350150521_L04_B5GHOMrkogRAABA-511_1.fq.gz,/home/ckane/crc_more2/DCR002_NA/V350150521_L04_B5GHOMrkogRAABA-511_2.fq.gz,DCR002_NA,DCR002_NA,2024-05-28T10:43:29,ILLUMINA,BGI
DCR002_NA_L02_516,DCR002_NA,DCR002,N,/home/ckane/crc_more2/DCR002_NA/V350150521_L02_B5GHOMrkogRAABA-516_1.fq.gz,/home/ckane/crc_more2/DCR002_NA/V350150521_L02_B5GHOMrkogRAABA-516_2.fq.gz,DCR002_NA,DCR002_NA,2024-05-28T10:43:29,ILLUMINA,BGI
DCR002_NA_L03_514,DCR002_NA,DCR002,N,/home/ckane/crc_more2/DCR002_NA/V350150521_L03_B5GHOMrkogRAABA-514_1.fq.gz,/home/ckane/crc_more2/DCR002_NA/V350150521_L03_B5GHOMrkogRAABA-514_2.fq.gz,DCR002_NA,DCR002_NA,2024-05-28T10:43:29,ILLUMINA,BGI
DCR002_NA_L04_509,DCR002_NA,DCR002,N,/home/ckane/crc_more2/DCR002_NA/V350150521_L04_B5GHOMrkogRAABA-509_1.fq.gz,/home/ckane/crc_more2/DCR002_NA/V350150521_L04_B5GHOMrkogRAABA-509_2.fq.gz,DCR002_NA,DCR002_NA,2024-05-28T10:43:29,ILLUMINA,BGI
DCR002_NA_L03_513,DCR002_NA,DCR002,N,/home/ckane/crc_more2/DCR002_NA/V350150521_L03_B5GHOMrkogRAABA-513_1.fq.gz,/home/ckane/crc_more2/DCR002_NA/V350150521_L03_B5GHOMrkogRAABA-513_2.fq.gz,DCR002_NA,DCR002_NA,2024-05-28T10:43:29,ILLUMINA,BGI
DCR002_NA_L01_516,DCR002_NA,DCR002,N,/home/ckane/crc_more2/DCR002_NA/V350150521_L01_B5GHOMrkogRAABA-516_1.fq.gz,/home/ckane/crc_more2/DCR002_NA/V350150521_L01_B5GHOMrkogRAABA-516_2.fq.gz,DCR002_NA,DCR002_NA,2024-05-28T10:43:29,ILLUMINA,BGI
DCR002_NA_L03_511,DCR002_NA,DCR002,N,/home/ckane/crc_more2/DCR002_NA/V350150521_L03_B5GHOMrkogRAABA-511_1.fq.gz,/home/ckane/crc_more2/DCR002_NA/V350150521_L03_B5GHOMrkogRAABA-511_2.fq.gz,DCR002_NA,DCR002_NA,2024-05-28T10:43:29,ILLUMINA,BGI
DCR002_NA_L01_515,DCR002_NA,DCR002,N,/home/ckane/crc_more2/DCR002_NA/V350150521_L01_B5GHOMrkogRAABA-515_1.fq.gz,/home/ckane/crc_more2/DCR002_NA/V350150521_L01_B5GHOMrkogRAABA-515_2.fq.gz,DCR002_NA,DCR002_NA,2024-05-28T10:43:29,ILLUMINA,BGI
DCR002_NA_L02_512,DCR002_NA,DCR002,N,/home/ckane/crc_more2/DCR002_NA/V350150521_L02_B5GHOMrkogRAABA-512_1.fq.gz,/home/ckane/crc_more2/DCR002_NA/V350150521_L02_B5GHOMrkogRAABA-512_2.fq.gz,DCR002_NA,DCR002_NA,2024-05-28T10:43:29,ILLUMINA,BGI
DCR002_NA_L03_515,DCR002_NA,DCR002,N,/home/ckane/crc_more2/DCR002_NA/V350150521_L03_B5GHOMrkogRAABA-515_1.fq.gz,/home/ckane/crc_more2/DCR002_NA/V350150521_L03_B5GHOMrkogRAABA-515_2.fq.gz,DCR002_NA,DCR002_NA,2024-05-28T10:43:29,ILLUMINA,BGI
DCR002_NA_L04_510,DCR002_NA,DCR002,N,/home/ckane/crc_more2/DCR002_NA/V350150521_L04_B5GHOMrkogRAABA-510_1.fq.gz,/home/ckane/crc_more2/DCR002_NA/V350150521_L04_B5GHOMrkogRAABA-510_2.fq.gz,DCR002_NA,DCR002_NA,2024-05-28T10:43:29,ILLUMINA,BGI
DCR002_NA_L02_514,DCR002_NA,DCR002,N,/home/ckane/crc_more2/DCR002_NA/V350150521_L02_B5GHOMrkogRAABA-514_1.fq.gz,/home/ckane/crc_more2/DCR002_NA/V350150521_L02_B5GHOMrkogRAABA-514_2.fq.gz,DCR002_NA,DCR002_NA,2024-05-28T10:43:29,ILLUMINA,BGI
DCR002_NA_L04_516,DCR002_NA,DCR002,N,/home/ckane/crc_more2/DCR002_NA/V350150521_L04_B5GHOMrkogRAABA-516_1.fq.gz,/home/ckane/crc_more2/DCR002_NA/V350150521_L04_B5GHOMrkogRAABA-516_2.fq.gz,DCR002_NA,DCR002_NA,2024-05-28T10:43:29,ILLUMINA,BGI
DCR002_NA_L03_512,DCR002_NA,DCR002,N,/home/ckane/crc_more2/DCR002_NA/V350150521_L03_B5GHOMrkogRAABA-512_1.fq.gz,/home/ckane/crc_more2/DCR002_NA/V350150521_L03_B5GHOMrkogRAABA-512_2.fq.gz,DCR002_NA,DCR002_NA,2024-05-28T10:43:29,ILLUMINA,BGI
DCR002_NA_L01_510,DCR002_NA,DCR002,N,/home/ckane/crc_more2/DCR002_NA/V350150521_L01_B5GHOMrkogRAABA-510_1.fq.gz,/home/ckane/crc_more2/DCR002_NA/V350150521_L01_B5GHOMrkogRAABA-510_2.fq.gz,DCR002_NA,DCR002_NA,2024-05-28T10:43:29,ILLUMINA,BGI
DCR002_NA_L01_513,DCR002_NA,DCR002,N,/home/ckane/crc_more2/DCR002_NA/V350150521_L01_B5GHOMrkogRAABA-513_1.fq.gz,/home/ckane/crc_more2/DCR002_NA/V350150521_L01_B5GHOMrkogRAABA-513_2.fq.gz,DCR002_NA,DCR002_NA,2024-05-28T10:43:29,ILLUMINA,BGI
DCR002_NA_L03_516,DCR002_NA,DCR002,N,/home/ckane/crc_more2/DCR002_NA/V350150521_L03_B5GHOMrkogRAABA-516_1.fq.gz,/home/ckane/crc_more2/DCR002_NA/V350150521_L03_B5GHOMrkogRAABA-516_2.fq.gz,DCR002_NA,DCR002_NA,2024-05-28T10:43:29,ILLUMINA,BGI
DCR002_TA_L02_503,DCR002_TA,DCR002,T,/home/ckane/crc_more2/DCR002_TA/V350150402_L02_B5GHOMrkogRAAAA-503_1.fq.gz,/home/ckane/crc_more2/DCR002_TA/V350150402_L02_B5GHOMrkogRAAAA-503_2.fq.gz,DCR002_TA,DCR002_TA,2024-05-28T10:43:29,ILLUMINA,BGI
DCR002_TA_L03_502,DCR002_TA,DCR002,T,/home/ckane/crc_more2/DCR002_TA/V350150402_L03_B5GHOMrkogRAAAA-502_1.fq.gz,/home/ckane/crc_more2/DCR002_TA/V350150402_L03_B5GHOMrkogRAAAA-502_2.fq.gz,DCR002_TA,DCR002_TA,2024-05-28T10:43:29,ILLUMINA,BGI
DCR002_TA_L03_506,DCR002_TA,DCR002,T,/home/ckane/crc_more2/DCR002_TA/V350150402_L03_B5GHOMrkogRAAAA-506_1.fq.gz,/home/ckane/crc_more2/DCR002_TA/V350150402_L03_B5GHOMrkogRAAAA-506_2.fq.gz,DCR002_TA,DCR002_TA,2024-05-28T10:43:29,ILLUMINA,BGI
DCR002_TA_L03_505,DCR002_TA,DCR002,T,/home/ckane/crc_more2/DCR002_TA/V350150402_L03_B5GHOMrkogRAAAA-505_1.fq.gz,/home/ckane/crc_more2/DCR002_TA/V350150402_L03_B5GHOMrkogRAAAA-505_2.fq.gz,DCR002_TA,DCR002_TA,2024-05-28T10:43:29,ILLUMINA,BGI
DCR002_TA_L03_507,DCR002_TA,DCR002,T,/home/ckane/crc_more2/DCR002_TA/V350150402_L03_B5GHOMrkogRAAAA-507_1.fq.gz,/home/ckane/crc_more2/DCR002_TA/V350150402_L03_B5GHOMrkogRAAAA-507_2.fq.gz,DCR002_TA,DCR002_TA,2024-05-28T10:43:29,ILLUMINA,BGI
DCR002_TA_L03_508,DCR002_TA,DCR002,T,/home/ckane/crc_more2/DCR002_TA/V350150402_L03_B5GHOMrkogRAAAA-508_1.fq.gz,/home/ckane/crc_more2/DCR002_TA/V350150402_L03_B5GHOMrkogRAAAA-508_2.fq.gz,DCR002_TA,DCR002_TA,2024-05-28T10:43:29,ILLUMINA,BGI
DCR002_TA_L02_505,DCR002_TA,DCR002,T,/home/ckane/crc_more2/DCR002_TA/V350150402_L02_B5GHOMrkogRAAAA-505_1.fq.gz,/home/ckane/crc_more2/DCR002_TA/V350150402_L02_B5GHOMrkogRAAAA-505_2.fq.gz,DCR002_TA,DCR002_TA,2024-05-28T10:43:29,ILLUMINA,BGI
DCR002_TA_L02_501,DCR002_TA,DCR002,T,/home/ckane/crc_more2/DCR002_TA/V350150402_L02_B5GHOMrkogRAAAA-501_1.fq.gz,/home/ckane/crc_more2/DCR002_TA/V350150402_L02_B5GHOMrkogRAAAA-501_2.fq.gz,DCR002_TA,DCR002_TA,2024-05-28T10:43:29,ILLUMINA,BGI
DCR002_TA_L02_502,DCR002_TA,DCR002,T,/home/ckane/crc_more2/DCR002_TA/V350150402_L02_B5GHOMrkogRAAAA-502_1.fq.gz,/home/ckane/crc_more2/DCR002_TA/V350150402_L02_B5GHOMrkogRAAAA-502_2.fq.gz,DCR002_TA,DCR002_TA,2024-05-28T10:43:29,ILLUMINA,BGI
DCR002_TA_L03_503,DCR002_TA,DCR002,T,/home/ckane/crc_more2/DCR002_TA/V350150402_L03_B5GHOMrkogRAAAA-503_1.fq.gz,/home/ckane/crc_more2/DCR002_TA/V350150402_L03_B5GHOMrkogRAAAA-503_2.fq.gz,DCR002_TA,DCR002_TA,2024-05-28T10:43:29,ILLUMINA,BGI
DCR002_TA_L03_501,DCR002_TA,DCR002,T,/home/ckane/crc_more2/DCR002_TA/V350150402_L03_B5GHOMrkogRAAAA-501_1.fq.gz,/home/ckane/crc_more2/DCR002_TA/V350150402_L03_B5GHOMrkogRAAAA-501_2.fq.gz,DCR002_TA,DCR002_TA,2024-05-28T10:43:29,ILLUMINA,BGI
DCR002_TA_L02_507,DCR002_TA,DCR002,T,/home/ckane/crc_more2/DCR002_TA/V350150402_L02_B5GHOMrkogRAAAA-507_1.fq.gz,/home/ckane/crc_more2/DCR002_TA/V350150402_L02_B5GHOMrkogRAAAA-507_2.fq.gz,DCR002_TA,DCR002_TA,2024-05-28T10:43:29,ILLUMINA,BGI
DCR002_TA_L03_504,DCR002_TA,DCR002,T,/home/ckane/crc_more2/DCR002_TA/V350150402_L03_B5GHOMrkogRAAAA-504_1.fq.gz,/home/ckane/crc_more2/DCR002_TA/V350150402_L03_B5GHOMrkogRAAAA-504_2.fq.gz,DCR002_TA,DCR002_TA,2024-05-28T10:43:29,ILLUMINA,BGI
DCR002_TA_L02_506,DCR002_TA,DCR002,T,/home/ckane/crc_more2/DCR002_TA/V350150402_L02_B5GHOMrkogRAAAA-506_1.fq.gz,/home/ckane/crc_more2/DCR002_TA/V350150402_L02_B5GHOMrkogRAAAA-506_2.fq.gz,DCR002_TA,DCR002_TA,2024-05-28T10:43:29,ILLUMINA,BGI
DCR002_TA_L02_504,DCR002_TA,DCR002,T,/home/ckane/crc_more2/DCR002_TA/V350150402_L02_B5GHOMrkogRAAAA-504_1.fq.gz,/home/ckane/crc_more2/DCR002_TA/V350150402_L02_B5GHOMrkogRAAAA-504_2.fq.gz,DCR002_TA,DCR002_TA,2024-05-28T10:43:29,ILLUMINA,BGI
DCR002_TA_L02_508,DCR002_TA,DCR002,T,/home/ckane/crc_more2/DCR002_TA/V350150402_L02_B5GHOMrkogRAAAA-508_1.fq.gz,/home/ckane/crc_more2/DCR002_TA/V350150402_L02_B5GHOMrkogRAAAA-508_2.fq.gz,DCR002_TA,DCR002_TA,2024-05-28T10:43:29,ILLUMINA,BGI
DCR0003_NA_L01_530,DCR0003_NA,DCR0003,N,/home/ckane/crc_more2/DCR0003_NA/V350083339_L01_B5GHUMxlydRAABA-530_1.fq.gz,/home/ckane/crc_more2/DCR0003_NA/V350083339_L01_B5GHUMxlydRAABA-530_2.fq.gz,DCR0003_NA,DCR0003_NA,2024-05-28T10:43:29,ILLUMINA,BGI
DCR0003_NA_L03_530,DCR0003_NA,DCR0003,N,/home/ckane/crc_more2/DCR0003_NA/V350083339_L03_B5GHUMxlydRAABA-530_1.fq.gz,/home/ckane/crc_more2/DCR0003_NA/V350083339_L03_B5GHUMxlydRAABA-530_2.fq.gz,DCR0003_NA,DCR0003_NA,2024-05-28T10:43:29,ILLUMINA,BGI
DCR0003_NA_L02_526,DCR0003_NA,DCR0003,N,/home/ckane/crc_more2/DCR0003_NA/V350083339_L02_B5GHUMxlydRAABA-526_1.fq.gz,/home/ckane/crc_more2/DCR0003_NA/V350083339_L02_B5GHUMxlydRAABA-526_2.fq.gz,DCR0003_NA,DCR0003_NA,2024-05-28T10:43:29,ILLUMINA,BGI
DCR0003_NA_L02_528,DCR0003_NA,DCR0003,N,/home/ckane/crc_more2/DCR0003_NA/V350083339_L02_B5GHUMxlydRAABA-528_1.fq.gz,/home/ckane/crc_more2/DCR0003_NA/V350083339_L02_B5GHUMxlydRAABA-528_2.fq.gz,DCR0003_NA,DCR0003_NA,2024-05-28T10:43:29,ILLUMINA,BGI
DCR0003_NA_L02_529,DCR0003_NA,DCR0003,N,/home/ckane/crc_more2/DCR0003_NA/V350083339_L02_B5GHUMxlydRAABA-529_1.fq.gz,/home/ckane/crc_more2/DCR0003_NA/V350083339_L02_B5GHUMxlydRAABA-529_2.fq.gz,DCR0003_NA,DCR0003_NA,2024-05-28T10:43:29,ILLUMINA,BGI
DCR0003_NA_L02_530,DCR0003_NA,DCR0003,N,/home/ckane/crc_more2/DCR0003_NA/V350083339_L02_B5GHUMxlydRAABA-530_1.fq.gz,/home/ckane/crc_more2/DCR0003_NA/V350083339_L02_B5GHUMxlydRAABA-530_2.fq.gz,DCR0003_NA,DCR0003_NA,2024-05-28T10:43:29,ILLUMINA,BGI
DCR0003_NA_L02_532,DCR0003_NA,DCR0003,N,/home/ckane/crc_more2/DCR0003_NA/V350083339_L02_B5GHUMxlydRAABA-532_1.fq.gz,/home/ckane/crc_more2/DCR0003_NA/V350083339_L02_B5GHUMxlydRAABA-532_2.fq.gz,DCR0003_NA,DCR0003_NA,2024-05-28T10:43:29,ILLUMINA,BGI
DCR0003_NA_L01_529,DCR0003_NA,DCR0003,N,/home/ckane/crc_more2/DCR0003_NA/V350083339_L01_B5GHUMxlydRAABA-529_1.fq.gz,/home/ckane/crc_more2/DCR0003_NA/V350083339_L01_B5GHUMxlydRAABA-529_2.fq.gz,DCR0003_NA,DCR0003_NA,2024-05-28T10:43:29,ILLUMINA,BGI
DCR0003_NA_L02_525,DCR0003_NA,DCR0003,N,/home/ckane/crc_more2/DCR0003_NA/V350083339_L02_B5GHUMxlydRAABA-525_1.fq.gz,/home/ckane/crc_more2/DCR0003_NA/V350083339_L02_B5GHUMxlydRAABA-525_2.fq.gz,DCR0003_NA,DCR0003_NA,2024-05-28T10:43:29,ILLUMINA,BGI
DCR0003_NA_L03_528,DCR0003_NA,DCR0003,N,/home/ckane/crc_more2/DCR0003_NA/V350083339_L03_B5GHUMxlydRAABA-528_1.fq.gz,/home/ckane/crc_more2/DCR0003_NA/V350083339_L03_B5GHUMxlydRAABA-528_2.fq.gz,DCR0003_NA,DCR0003_NA,2024-05-28T10:43:29,ILLUMINA,BGI
DCR0003_NA_L01_531,DCR0003_NA,DCR0003,N,/home/ckane/crc_more2/DCR0003_NA/V350083339_L01_B5GHUMxlydRAABA-531_1.fq.gz,/home/ckane/crc_more2/DCR0003_NA/V350083339_L01_B5GHUMxlydRAABA-531_2.fq.gz,DCR0003_NA,DCR0003_NA,2024-05-28T10:43:29,ILLUMINA,BGI
DCR0003_NA_L01_525,DCR0003_NA,DCR0003,N,/home/ckane/crc_more2/DCR0003_NA/V350083339_L01_B5GHUMxlydRAABA-525_1.fq.gz,/home/ckane/crc_more2/DCR0003_NA/V350083339_L01_B5GHUMxlydRAABA-525_2.fq.gz,DCR0003_NA,DCR0003_NA,2024-05-28T10:43:29,ILLUMINA,BGI
DCR0003_NA_L03_526,DCR0003_NA,DCR0003,N,/home/ckane/crc_more2/DCR0003_NA/V350083339_L03_B5GHUMxlydRAABA-526_1.fq.gz,/home/ckane/crc_more2/DCR0003_NA/V350083339_L03_B5GHUMxlydRAABA-526_2.fq.gz,DCR0003_NA,DCR0003_NA,2024-05-28T10:43:29,ILLUMINA,BGI
DCR0003_NA_L02_527,DCR0003_NA,DCR0003,N,/home/ckane/crc_more2/DCR0003_NA/V350083339_L02_B5GHUMxlydRAABA-527_1.fq.gz,/home/ckane/crc_more2/DCR0003_NA/V350083339_L02_B5GHUMxlydRAABA-527_2.fq.gz,DCR0003_NA,DCR0003_NA,2024-05-28T10:43:29,ILLUMINA,BGI
DCR0003_NA_L03_531,DCR0003_NA,DCR0003,N,/home/ckane/crc_more2/DCR0003_NA/V350083339_L03_B5GHUMxlydRAABA-531_1.fq.gz,/home/ckane/crc_more2/DCR0003_NA/V350083339_L03_B5GHUMxlydRAABA-531_2.fq.gz,DCR0003_NA,DCR0003_NA,2024-05-28T10:43:29,ILLUMINA,BGI
DCR0003_NA_L03_529,DCR0003_NA,DCR0003,N,/home/ckane/crc_more2/DCR0003_NA/V350083339_L03_B5GHUMxlydRAABA-529_1.fq.gz,/home/ckane/crc_more2/DCR0003_NA/V350083339_L03_B5GHUMxlydRAABA-529_2.fq.gz,DCR0003_NA,DCR0003_NA,2024-05-28T10:43:29,ILLUMINA,BGI
DCR0003_NA_L03_527,DCR0003_NA,DCR0003,N,/home/ckane/crc_more2/DCR0003_NA/V350083339_L03_B5GHUMxlydRAABA-527_1.fq.gz,/home/ckane/crc_more2/DCR0003_NA/V350083339_L03_B5GHUMxlydRAABA-527_2.fq.gz,DCR0003_NA,DCR0003_NA,2024-05-28T10:43:29,ILLUMINA,BGI
DCR0003_NA_L01_532,DCR0003_NA,DCR0003,N,/home/ckane/crc_more2/DCR0003_NA/V350083339_L01_B5GHUMxlydRAABA-532_1.fq.gz,/home/ckane/crc_more2/DCR0003_NA/V350083339_L01_B5GHUMxlydRAABA-532_2.fq.gz,DCR0003_NA,DCR0003_NA,2024-05-28T10:43:29,ILLUMINA,BGI
DCR0003_NA_L01_526,DCR0003_NA,DCR0003,N,/home/ckane/crc_more2/DCR0003_NA/V350083339_L01_B5GHUMxlydRAABA-526_1.fq.gz,/home/ckane/crc_more2/DCR0003_NA/V350083339_L01_B5GHUMxlydRAABA-526_2.fq.gz,DCR0003_NA,DCR0003_NA,2024-05-28T10:43:29,ILLUMINA,BGI
DCR0003_NA_L03_532,DCR0003_NA,DCR0003,N,/home/ckane/crc_more2/DCR0003_NA/V350083339_L03_B5GHUMxlydRAABA-532_1.fq.gz,/home/ckane/crc_more2/DCR0003_NA/V350083339_L03_B5GHUMxlydRAABA-532_2.fq.gz,DCR0003_NA,DCR0003_NA,2024-05-28T10:43:29,ILLUMINA,BGI
DCR0003_NA_L01_528,DCR0003_NA,DCR0003,N,/home/ckane/crc_more2/DCR0003_NA/V350083339_L01_B5GHUMxlydRAABA-528_1.fq.gz,/home/ckane/crc_more2/DCR0003_NA/V350083339_L01_B5GHUMxlydRAABA-528_2.fq.gz,DCR0003_NA,DCR0003_NA,2024-05-28T10:43:29,ILLUMINA,BGI
DCR0003_NA_L01_527,DCR0003_NA,DCR0003,N,/home/ckane/crc_more2/DCR0003_NA/V350083339_L01_B5GHUMxlydRAABA-527_1.fq.gz,/home/ckane/crc_more2/DCR0003_NA/V350083339_L01_B5GHUMxlydRAABA-527_2.fq.gz,DCR0003_NA,DCR0003_NA,2024-05-28T10:43:29,ILLUMINA,BGI
DCR0003_NA_L03_525,DCR0003_NA,DCR0003,N,/home/ckane/crc_more2/DCR0003_NA/V350083339_L03_B5GHUMxlydRAABA-525_1.fq.gz,/home/ckane/crc_more2/DCR0003_NA/V350083339_L03_B5GHUMxlydRAABA-525_2.fq.gz,DCR0003_NA,DCR0003_NA,2024-05-28T10:43:29,ILLUMINA,BGI
DCR0003_NA_L02_531,DCR0003_NA,DCR0003,N,/home/ckane/crc_more2/DCR0003_NA/V350083339_L02_B5GHUMxlydRAABA-531_1.fq.gz,/home/ckane/crc_more2/DCR0003_NA/V350083339_L02_B5GHUMxlydRAABA-531_2.fq.gz,DCR0003_NA,DCR0003_NA,2024-05-28T10:43:29,ILLUMINA,BGI
DCR0027_NA_L03_562,DCR0027_NA,DCR0027,N,/home/ckane/crc_more2/DCR0027_NA/V350082385_L03_B5GHUMxlydRAAFA-562_1.fq.gz,/home/ckane/crc_more2/DCR0027_NA/V350082385_L03_B5GHUMxlydRAAFA-562_2.fq.gz,DCR0027_NA,DCR0027_NA,2024-05-28T10:43:29,ILLUMINA,BGI
DCR0027_NA_L03_564,DCR0027_NA,DCR0027,N,/home/ckane/crc_more2/DCR0027_NA/V350082385_L03_B5GHUMxlydRAAFA-564_1.fq.gz,/home/ckane/crc_more2/DCR0027_NA/V350082385_L03_B5GHUMxlydRAAFA-564_2.fq.gz,DCR0027_NA,DCR0027_NA,2024-05-28T10:43:29,ILLUMINA,BGI
DCR0027_NA_L01_557,DCR0027_NA,DCR0027,N,/home/ckane/crc_more2/DCR0027_NA/V350082501_L01_B5GHUMxlydRAAFA-557_1.fq.gz,/home/ckane/crc_more2/DCR0027_NA/V350082501_L01_B5GHUMxlydRAAFA-557_2.fq.gz,DCR0027_NA,DCR0027_NA,2024-05-28T10:43:29,ILLUMINA,BGI
DCR0027_NA_L01_560,DCR0027_NA,DCR0027,N,/home/ckane/crc_more2/DCR0027_NA/V350082501_L01_B5GHUMxlydRAAFA-560_1.fq.gz,/home/ckane/crc_more2/DCR0027_NA/V350082501_L01_B5GHUMxlydRAAFA-560_2.fq.gz,DCR0027_NA,DCR0027_NA,2024-05-28T10:43:29,ILLUMINA,BGI
DCR0027_NA_L04_562,DCR0027_NA,DCR0027,N,/home/ckane/crc_more2/DCR0027_NA/V350082385_L04_B5GHUMxlydRAAFA-562_1.fq.gz,/home/ckane/crc_more2/DCR0027_NA/V350082385_L04_B5GHUMxlydRAAFA-562_2.fq.gz,DCR0027_NA,DCR0027_NA,2024-05-28T10:43:29,ILLUMINA,BGI
DCR0027_NA_L03_558,DCR0027_NA,DCR0027,N,/home/ckane/crc_more2/DCR0027_NA/V350082385_L03_B5GHUMxlydRAAFA-558_1.fq.gz,/home/ckane/crc_more2/DCR0027_NA/V350082385_L03_B5GHUMxlydRAAFA-558_2.fq.gz,DCR0027_NA,DCR0027_NA,2024-05-28T10:43:29,ILLUMINA,BGI
DCR0027_NA_L01_558,DCR0027_NA,DCR0027,N,/home/ckane/crc_more2/DCR0027_NA/V350082501_L01_B5GHUMxlydRAAFA-558_1.fq.gz,/home/ckane/crc_more2/DCR0027_NA/V350082501_L01_B5GHUMxlydRAAFA-558_2.fq.gz,DCR0027_NA,DCR0027_NA,2024-05-28T10:43:29,ILLUMINA,BGI
DCR0027_NA_L01_559,DCR0027_NA,DCR0027,N,/home/ckane/crc_more2/DCR0027_NA/V350082501_L01_B5GHUMxlydRAAFA-559_1.fq.gz,/home/ckane/crc_more2/DCR0027_NA/V350082501_L01_B5GHUMxlydRAAFA-559_2.fq.gz,DCR0027_NA,DCR0027_NA,2024-05-28T10:43:29,ILLUMINA,BGI
DCR0027_NA_L04_559,DCR0027_NA,DCR0027,N,/home/ckane/crc_more2/DCR0027_NA/V350082385_L04_B5GHUMxlydRAAFA-559_1.fq.gz,/home/ckane/crc_more2/DCR0027_NA/V350082385_L04_B5GHUMxlydRAAFA-559_2.fq.gz,DCR0027_NA,DCR0027_NA,2024-05-28T10:43:29,ILLUMINA,BGI
DCR0027_NA_L04_557,DCR0027_NA,DCR0027,N,/home/ckane/crc_more2/DCR0027_NA/V350082385_L04_B5GHUMxlydRAAFA-557_1.fq.gz,/home/ckane/crc_more2/DCR0027_NA/V350082385_L04_B5GHUMxlydRAAFA-557_2.fq.gz,DCR0027_NA,DCR0027_NA,2024-05-28T10:43:29,ILLUMINA,BGI
DCR0027_NA_L01_562,DCR0027_NA,DCR0027,N,/home/ckane/crc_more2/DCR0027_NA/V350082501_L01_B5GHUMxlydRAAFA-562_1.fq.gz,/home/ckane/crc_more2/DCR0027_NA/V350082501_L01_B5GHUMxlydRAAFA-562_2.fq.gz,DCR0027_NA,DCR0027_NA,2024-05-28T10:43:29,ILLUMINA,BGI
DCR0027_NA_L03_559,DCR0027_NA,DCR0027,N,/home/ckane/crc_more2/DCR0027_NA/V350082385_L03_B5GHUMxlydRAAFA-559_1.fq.gz,/home/ckane/crc_more2/DCR0027_NA/V350082385_L03_B5GHUMxlydRAAFA-559_2.fq.gz,DCR0027_NA,DCR0027_NA,2024-05-28T10:43:29,ILLUMINA,BGI
DCR0027_NA_L01_561,DCR0027_NA,DCR0027,N,/home/ckane/crc_more2/DCR0027_NA/V350082501_L01_B5GHUMxlydRAAFA-561_1.fq.gz,/home/ckane/crc_more2/DCR0027_NA/V350082501_L01_B5GHUMxlydRAAFA-561_2.fq.gz,DCR0027_NA,DCR0027_NA,2024-05-28T10:43:29,ILLUMINA,BGI
DCR0027_NA_L04_558,DCR0027_NA,DCR0027,N,/home/ckane/crc_more2/DCR0027_NA/V350082385_L04_B5GHUMxlydRAAFA-558_1.fq.gz,/home/ckane/crc_more2/DCR0027_NA/V350082385_L04_B5GHUMxlydRAAFA-558_2.fq.gz,DCR0027_NA,DCR0027_NA,2024-05-28T10:43:29,ILLUMINA,BGI
DCR0027_NA_L03_557,DCR0027_NA,DCR0027,N,/home/ckane/crc_more2/DCR0027_NA/V350082385_L03_B5GHUMxlydRAAFA-557_1.fq.gz,/home/ckane/crc_more2/DCR0027_NA/V350082385_L03_B5GHUMxlydRAAFA-557_2.fq.gz,DCR0027_NA,DCR0027_NA,2024-05-28T10:43:29,ILLUMINA,BGI
DCR0027_NA_L04_563,DCR0027_NA,DCR0027,N,/home/ckane/crc_more2/DCR0027_NA/V350082385_L04_B5GHUMxlydRAAFA-563_1.fq.gz,/home/ckane/crc_more2/DCR0027_NA/V350082385_L04_B5GHUMxlydRAAFA-563_2.fq.gz,DCR0027_NA,DCR0027_NA,2024-05-28T10:43:29,ILLUMINA,BGI
DCR0027_NA_L01_564,DCR0027_NA,DCR0027,N,/home/ckane/crc_more2/DCR0027_NA/V350082501_L01_B5GHUMxlydRAAFA-564_1.fq.gz,/home/ckane/crc_more2/DCR0027_NA/V350082501_L01_B5GHUMxlydRAAFA-564_2.fq.gz,DCR0027_NA,DCR0027_NA,2024-05-28T10:43:29,ILLUMINA,BGI
DCR0027_NA_L03_560,DCR0027_NA,DCR0027,N,/home/ckane/crc_more2/DCR0027_NA/V350082385_L03_B5GHUMxlydRAAFA-560_1.fq.gz,/home/ckane/crc_more2/DCR0027_NA/V350082385_L03_B5GHUMxlydRAAFA-560_2.fq.gz,DCR0027_NA,DCR0027_NA,2024-05-28T10:43:29,ILLUMINA,BGI
DCR0027_NA_L01_563,DCR0027_NA,DCR0027,N,/home/ckane/crc_more2/DCR0027_NA/V350082501_L01_B5GHUMxlydRAAFA-563_1.fq.gz,/home/ckane/crc_more2/DCR0027_NA/V350082501_L01_B5GHUMxlydRAAFA-563_2.fq.gz,DCR0027_NA,DCR0027_NA,2024-05-28T10:43:29,ILLUMINA,BGI
DCR0027_NA_L04_560,DCR0027_NA,DCR0027,N,/home/ckane/crc_more2/DCR0027_NA/V350082385_L04_B5GHUMxlydRAAFA-560_1.fq.gz,/home/ckane/crc_more2/DCR0027_NA/V350082385_L04_B5GHUMxlydRAAFA-560_2.fq.gz,DCR0027_NA,DCR0027_NA,2024-05-28T10:43:29,ILLUMINA,BGI
DCR0027_NA_L03_563,DCR0027_NA,DCR0027,N,/home/ckane/crc_more2/DCR0027_NA/V350082385_L03_B5GHUMxlydRAAFA-563_1.fq.gz,/home/ckane/crc_more2/DCR0027_NA/V350082385_L03_B5GHUMxlydRAAFA-563_2.fq.gz,DCR0027_NA,DCR0027_NA,2024-05-28T10:43:29,ILLUMINA,BGI
DCR0027_NA_L04_561,DCR0027_NA,DCR0027,N,/home/ckane/crc_more2/DCR0027_NA/V350082385_L04_B5GHUMxlydRAAFA-561_1.fq.gz,/home/ckane/crc_more2/DCR0027_NA/V350082385_L04_B5GHUMxlydRAAFA-561_2.fq.gz,DCR0027_NA,DCR0027_NA,2024-05-28T10:43:29,ILLUMINA,BGI
DCR0027_NA_L04_564,DCR0027_NA,DCR0027,N,/home/ckane/crc_more2/DCR0027_NA/V350082385_L04_B5GHUMxlydRAAFA-564_1.fq.gz,/home/ckane/crc_more2/DCR0027_NA/V350082385_L04_B5GHUMxlydRAAFA-564_2.fq.gz,DCR0027_NA,DCR0027_NA,2024-05-28T10:43:29,ILLUMINA,BGI
DCR0027_NA_L03_561,DCR0027_NA,DCR0027,N,/home/ckane/crc_more2/DCR0027_NA/V350082385_L03_B5GHUMxlydRAAFA-561_1.fq.gz,/home/ckane/crc_more2/DCR0027_NA/V350082385_L03_B5GHUMxlydRAAFA-561_2.fq.gz,DCR0027_NA,DCR0027_NA,2024-05-28T10:43:29,ILLUMINA,BGI
DCR0056_NA_L02_550,DCR0056_NA,DCR0056,N,/home/ckane/crc_more2/DCR0056_NA/V350094712_L02_B5GHUMkxaqRAAHA-550_1.fq.gz,/home/ckane/crc_more2/DCR0056_NA/V350094712_L02_B5GHUMkxaqRAAHA-550_2.fq.gz,DCR0056_NA,DCR0056_NA,2024-05-28T10:43:29,ILLUMINA,BGI
DCR0056_NA_L01_550,DCR0056_NA,DCR0056,N,/home/ckane/crc_more2/DCR0056_NA/V350094712_L01_B5GHUMkxaqRAAHA-550_1.fq.gz,/home/ckane/crc_more2/DCR0056_NA/V350094712_L01_B5GHUMkxaqRAAHA-550_2.fq.gz,DCR0056_NA,DCR0056_NA,2024-05-28T10:43:29,ILLUMINA,BGI
DCR0056_NA_L01_553,DCR0056_NA,DCR0056,N,/home/ckane/crc_more2/DCR0056_NA/V350094712_L01_B5GHUMkxaqRAAHA-553_1.fq.gz,/home/ckane/crc_more2/DCR0056_NA/V350094712_L01_B5GHUMkxaqRAAHA-553_2.fq.gz,DCR0056_NA,DCR0056_NA,2024-05-28T10:43:29,ILLUMINA,BGI
DCR0056_NA_L02_551,DCR0056_NA,DCR0056,N,/home/ckane/crc_more2/DCR0056_NA/V350094712_L02_B5GHUMkxaqRAAHA-551_1.fq.gz,/home/ckane/crc_more2/DCR0056_NA/V350094712_L02_B5GHUMkxaqRAAHA-551_2.fq.gz,DCR0056_NA,DCR0056_NA,2024-05-28T10:43:29,ILLUMINA,BGI
DCR0056_NA_L01_555,DCR0056_NA,DCR0056,N,/home/ckane/crc_more2/DCR0056_NA/V350094712_L01_B5GHUMkxaqRAAHA-555_1.fq.gz,/home/ckane/crc_more2/DCR0056_NA/V350094712_L01_B5GHUMkxaqRAAHA-555_2.fq.gz,DCR0056_NA,DCR0056_NA,2024-05-28T10:43:29,ILLUMINA,BGI
DCR0056_NA_L02_556,DCR0056_NA,DCR0056,N,/home/ckane/crc_more2/DCR0056_NA/V350094712_L02_B5GHUMkxaqRAAHA-556_1.fq.gz,/home/ckane/crc_more2/DCR0056_NA/V350094712_L02_B5GHUMkxaqRAAHA-556_2.fq.gz,DCR0056_NA,DCR0056_NA,2024-05-28T10:43:29,ILLUMINA,BGI
DCR0056_NA_L03_554,DCR0056_NA,DCR0056,N,/home/ckane/crc_more2/DCR0056_NA/V350094712_L03_B5GHUMkxaqRAAHA-554_1.fq.gz,/home/ckane/crc_more2/DCR0056_NA/V350094712_L03_B5GHUMkxaqRAAHA-554_2.fq.gz,DCR0056_NA,DCR0056_NA,2024-05-28T10:43:29,ILLUMINA,BGI
DCR0056_NA_L01_554,DCR0056_NA,DCR0056,N,/home/ckane/crc_more2/DCR0056_NA/V350094712_L01_B5GHUMkxaqRAAHA-554_1.fq.gz,/home/ckane/crc_more2/DCR0056_NA/V350094712_L01_B5GHUMkxaqRAAHA-554_2.fq.gz,DCR0056_NA,DCR0056_NA,2024-05-28T10:43:29,ILLUMINA,BGI
DCR0056_NA_L02_555,DCR0056_NA,DCR0056,N,/home/ckane/crc_more2/DCR0056_NA/V350094712_L02_B5GHUMkxaqRAAHA-555_1.fq.gz,/home/ckane/crc_more2/DCR0056_NA/V350094712_L02_B5GHUMkxaqRAAHA-555_2.fq.gz,DCR0056_NA,DCR0056_NA,2024-05-28T10:43:29,ILLUMINA,BGI
DCR0056_NA_L03_550,DCR0056_NA,DCR0056,N,/home/ckane/crc_more2/DCR0056_NA/V350094712_L03_B5GHUMkxaqRAAHA-550_1.fq.gz,/home/ckane/crc_more2/DCR0056_NA/V350094712_L03_B5GHUMkxaqRAAHA-550_2.fq.gz,DCR0056_NA,DCR0056_NA,2024-05-28T10:43:29,ILLUMINA,BGI
DCR0056_NA_L03_549,DCR0056_NA,DCR0056,N,/home/ckane/crc_more2/DCR0056_NA/V350094712_L03_B5GHUMkxaqRAAHA-549_1.fq.gz,/home/ckane/crc_more2/DCR0056_NA/V350094712_L03_B5GHUMkxaqRAAHA-549_2.fq.gz,DCR0056_NA,DCR0056_NA,2024-05-28T10:43:29,ILLUMINA,BGI
DCR0056_NA_L01_552,DCR0056_NA,DCR0056,N,/home/ckane/crc_more2/DCR0056_NA/V350094712_L01_B5GHUMkxaqRAAHA-552_1.fq.gz,/home/ckane/crc_more2/DCR0056_NA/V350094712_L01_B5GHUMkxaqRAAHA-552_2.fq.gz,DCR0056_NA,DCR0056_NA,2024-05-28T10:43:29,ILLUMINA,BGI
DCR0056_NA_L03_553,DCR0056_NA,DCR0056,N,/home/ckane/crc_more2/DCR0056_NA/V350094712_L03_B5GHUMkxaqRAAHA-553_1.fq.gz,/home/ckane/crc_more2/DCR0056_NA/V350094712_L03_B5GHUMkxaqRAAHA-553_2.fq.gz,DCR0056_NA,DCR0056_NA,2024-05-28T10:43:29,ILLUMINA,BGI
DCR0056_NA_L03_555,DCR0056_NA,DCR0056,N,/home/ckane/crc_more2/DCR0056_NA/V350094712_L03_B5GHUMkxaqRAAHA-555_1.fq.gz,/home/ckane/crc_more2/DCR0056_NA/V350094712_L03_B5GHUMkxaqRAAHA-555_2.fq.gz,DCR0056_NA,DCR0056_NA,2024-05-28T10:43:29,ILLUMINA,BGI
DCR0056_NA_L02_549,DCR0056_NA,DCR0056,N,/home/ckane/crc_more2/DCR0056_NA/V350094712_L02_B5GHUMkxaqRAAHA-549_1.fq.gz,/home/ckane/crc_more2/DCR0056_NA/V350094712_L02_B5GHUMkxaqRAAHA-549_2.fq.gz,DCR0056_NA,DCR0056_NA,2024-05-28T10:43:29,ILLUMINA,BGI
DCR0056_NA_L02_553,DCR0056_NA,DCR0056,N,/home/ckane/crc_more2/DCR0056_NA/V350094712_L02_B5GHUMkxaqRAAHA-553_1.fq.gz,/home/ckane/crc_more2/DCR0056_NA/V350094712_L02_B5GHUMkxaqRAAHA-553_2.fq.gz,DCR0056_NA,DCR0056_NA,2024-05-28T10:43:29,ILLUMINA,BGI
DCR0056_NA_L02_552,DCR0056_NA,DCR0056,N,/home/ckane/crc_more2/DCR0056_NA/V350094712_L02_B5GHUMkxaqRAAHA-552_1.fq.gz,/home/ckane/crc_more2/DCR0056_NA/V350094712_L02_B5GHUMkxaqRAAHA-552_2.fq.gz,DCR0056_NA,DCR0056_NA,2024-05-28T10:43:29,ILLUMINA,BGI
DCR0056_NA_L01_549,DCR0056_NA,DCR0056,N,/home/ckane/crc_more2/DCR0056_NA/V350094712_L01_B5GHUMkxaqRAAHA-549_1.fq.gz,/home/ckane/crc_more2/DCR0056_NA/V350094712_L01_B5GHUMkxaqRAAHA-549_2.fq.gz,DCR0056_NA,DCR0056_NA,2024-05-28T10:43:29,ILLUMINA,BGI
DCR0056_NA_L01_556,DCR0056_NA,DCR0056,N,/home/ckane/crc_more2/DCR0056_NA/V350094712_L01_B5GHUMkxaqRAAHA-556_1.fq.gz,/home/ckane/crc_more2/DCR0056_NA/V350094712_L01_B5GHUMkxaqRAAHA-556_2.fq.gz,DCR0056_NA,DCR0056_NA,2024-05-28T10:43:29,ILLUMINA,BGI
DCR0056_NA_L03_551,DCR0056_NA,DCR0056,N,/home/ckane/crc_more2/DCR0056_NA/V350094712_L03_B5GHUMkxaqRAAHA-551_1.fq.gz,/home/ckane/crc_more2/DCR0056_NA/V350094712_L03_B5GHUMkxaqRAAHA-551_2.fq.gz,DCR0056_NA,DCR0056_NA,2024-05-28T10:43:29,ILLUMINA,BGI
DCR0056_NA_L03_552,DCR0056_NA,DCR0056,N,/home/ckane/crc_more2/DCR0056_NA/V350094712_L03_B5GHUMkxaqRAAHA-552_1.fq.gz,/home/ckane/crc_more2/DCR0056_NA/V350094712_L03_B5GHUMkxaqRAAHA-552_2.fq.gz,DCR0056_NA,DCR0056_NA,2024-05-28T10:43:29,ILLUMINA,BGI
DCR0056_NA_L01_551,DCR0056_NA,DCR0056,N,/home/ckane/crc_more2/DCR0056_NA/V350094712_L01_B5GHUMkxaqRAAHA-551_1.fq.gz,/home/ckane/crc_more2/DCR0056_NA/V350094712_L01_B5GHUMkxaqRAAHA-551_2.fq.gz,DCR0056_NA,DCR0056_NA,2024-05-28T10:43:29,ILLUMINA,BGI
DCR0056_NA_L02_554,DCR0056_NA,DCR0056,N,/home/ckane/crc_more2/DCR0056_NA/V350094712_L02_B5GHUMkxaqRAAHA-554_1.fq.gz,/home/ckane/crc_more2/DCR0056_NA/V350094712_L02_B5GHUMkxaqRAAHA-554_2.fq.gz,DCR0056_NA,DCR0056_NA,2024-05-28T10:43:29,ILLUMINA,BGI
DCR0056_NA_L03_556,DCR0056_NA,DCR0056,N,/home/ckane/crc_more2/DCR0056_NA/V350094712_L03_B5GHUMkxaqRAAHA-556_1.fq.gz,/home/ckane/crc_more2/DCR0056_NA/V350094712_L03_B5GHUMkxaqRAAHA-556_2.fq.gz,DCR0056_NA,DCR0056_NA,2024-05-28T10:43:29,ILLUMINA,BGI
DCR0045_TA_L01_555,DCR0045_TA,DCR0045,T,/home/ckane/crc_more2/DCR0045_TA/V350083614_L01_B5GHUMdtsuRAADA-555_1.fq.gz,/home/ckane/crc_more2/DCR0045_TA/V350083614_L01_B5GHUMdtsuRAADA-555_2.fq.gz,DCR0045_TA,DCR0045_TA,2024-05-28T10:43:29,ILLUMINA,BGI
DCR0045_TA_L04_551,DCR0045_TA,DCR0045,T,/home/ckane/crc_more2/DCR0045_TA/V350082123_L04_B5GHUMdtsuRAADA-551_1.fq.gz,/home/ckane/crc_more2/DCR0045_TA/V350082123_L04_B5GHUMdtsuRAADA-551_2.fq.gz,DCR0045_TA,DCR0045_TA,2024-05-28T10:43:29,ILLUMINA,BGI
DCR0045_TA_L04_550,DCR0045_TA,DCR0045,T,/home/ckane/crc_more2/DCR0045_TA/V350082123_L04_B5GHUMdtsuRAADA-550_1.fq.gz,/home/ckane/crc_more2/DCR0045_TA/V350082123_L04_B5GHUMdtsuRAADA-550_2.fq.gz,DCR0045_TA,DCR0045_TA,2024-05-28T10:43:29,ILLUMINA,BGI
DCR0045_TA_L01_556,DCR0045_TA,DCR0045,T,/home/ckane/crc_more2/DCR0045_TA/V350083614_L01_B5GHUMdtsuRAADA-556_1.fq.gz,/home/ckane/crc_more2/DCR0045_TA/V350083614_L01_B5GHUMdtsuRAADA-556_2.fq.gz,DCR0045_TA,DCR0045_TA,2024-05-28T10:43:29,ILLUMINA,BGI
DCR0045_TA_L03_549,DCR0045_TA,DCR0045,T,/home/ckane/crc_more2/DCR0045_TA/V350082123_L03_B5GHUMdtsuRAADA-549_1.fq.gz,/home/ckane/crc_more2/DCR0045_TA/V350082123_L03_B5GHUMdtsuRAADA-549_2.fq.gz,DCR0045_TA,DCR0045_TA,2024-05-28T10:43:29,ILLUMINA,BGI
DCR0045_TA_L03_552,DCR0045_TA,DCR0045,T,/home/ckane/crc_more2/DCR0045_TA/V350082123_L03_B5GHUMdtsuRAADA-552_1.fq.gz,/home/ckane/crc_more2/DCR0045_TA/V350082123_L03_B5GHUMdtsuRAADA-552_2.fq.gz,DCR0045_TA,DCR0045_TA,2024-05-28T10:43:29,ILLUMINA,BGI
DCR0045_TA_L01_554,DCR0045_TA,DCR0045,T,/home/ckane/crc_more2/DCR0045_TA/V350083614_L01_B5GHUMdtsuRAADA-554_1.fq.gz,/home/ckane/crc_more2/DCR0045_TA/V350083614_L01_B5GHUMdtsuRAADA-554_2.fq.gz,DCR0045_TA,DCR0045_TA,2024-05-28T10:43:29,ILLUMINA,BGI
DCR0045_TA_L03_551,DCR0045_TA,DCR0045,T,/home/ckane/crc_more2/DCR0045_TA/V350082123_L03_B5GHUMdtsuRAADA-551_1.fq.gz,/home/ckane/crc_more2/DCR0045_TA/V350082123_L03_B5GHUMdtsuRAADA-551_2.fq.gz,DCR0045_TA,DCR0045_TA,2024-05-28T10:43:29,ILLUMINA,BGI
DCR0045_TA_L01_551,DCR0045_TA,DCR0045,T,/home/ckane/crc_more2/DCR0045_TA/V350083614_L01_B5GHUMdtsuRAADA-551_1.fq.gz,/home/ckane/crc_more2/DCR0045_TA/V350083614_L01_B5GHUMdtsuRAADA-551_2.fq.gz,DCR0045_TA,DCR0045_TA,2024-05-28T10:43:29,ILLUMINA,BGI
DCR0045_TA_L01_550,DCR0045_TA,DCR0045,T,/home/ckane/crc_more2/DCR0045_TA/V350083614_L01_B5GHUMdtsuRAADA-550_1.fq.gz,/home/ckane/crc_more2/DCR0045_TA/V350083614_L01_B5GHUMdtsuRAADA-550_2.fq.gz,DCR0045_TA,DCR0045_TA,2024-05-28T10:43:29,ILLUMINA,BGI
DCR0045_TA_L03_554,DCR0045_TA,DCR0045,T,/home/ckane/crc_more2/DCR0045_TA/V350082123_L03_B5GHUMdtsuRAADA-554_1.fq.gz,/home/ckane/crc_more2/DCR0045_TA/V350082123_L03_B5GHUMdtsuRAADA-554_2.fq.gz,DCR0045_TA,DCR0045_TA,2024-05-28T10:43:29,ILLUMINA,BGI
DCR0045_TA_L04_556,DCR0045_TA,DCR0045,T,/home/ckane/crc_more2/DCR0045_TA/V350082123_L04_B5GHUMdtsuRAADA-556_1.fq.gz,/home/ckane/crc_more2/DCR0045_TA/V350082123_L04_B5GHUMdtsuRAADA-556_2.fq.gz,DCR0045_TA,DCR0045_TA,2024-05-28T10:43:29,ILLUMINA,BGI
DCR0045_TA_L03_550,DCR0045_TA,DCR0045,T,/home/ckane/crc_more2/DCR0045_TA/V350082123_L03_B5GHUMdtsuRAADA-550_1.fq.gz,/home/ckane/crc_more2/DCR0045_TA/V350082123_L03_B5GHUMdtsuRAADA-550_2.fq.gz,DCR0045_TA,DCR0045_TA,2024-05-28T10:43:29,ILLUMINA,BGI
DCR0045_TA_L01_553,DCR0045_TA,DCR0045,T,/home/ckane/crc_more2/DCR0045_TA/V350083614_L01_B5GHUMdtsuRAADA-553_1.fq.gz,/home/ckane/crc_more2/DCR0045_TA/V350083614_L01_B5GHUMdtsuRAADA-553_2.fq.gz,DCR0045_TA,DCR0045_TA,2024-05-28T10:43:29,ILLUMINA,BGI
DCR0045_TA_L04_553,DCR0045_TA,DCR0045,T,/home/ckane/crc_more2/DCR0045_TA/V350082123_L04_B5GHUMdtsuRAADA-553_1.fq.gz,/home/ckane/crc_more2/DCR0045_TA/V350082123_L04_B5GHUMdtsuRAADA-553_2.fq.gz,DCR0045_TA,DCR0045_TA,2024-05-28T10:43:29,ILLUMINA,BGI
DCR0045_TA_L03_555,DCR0045_TA,DCR0045,T,/home/ckane/crc_more2/DCR0045_TA/V350082123_L03_B5GHUMdtsuRAADA-555_1.fq.gz,/home/ckane/crc_more2/DCR0045_TA/V350082123_L03_B5GHUMdtsuRAADA-555_2.fq.gz,DCR0045_TA,DCR0045_TA,2024-05-28T10:43:29,ILLUMINA,BGI
DCR0045_TA_L04_549,DCR0045_TA,DCR0045,T,/home/ckane/crc_more2/DCR0045_TA/V350082123_L04_B5GHUMdtsuRAADA-549_1.fq.gz,/home/ckane/crc_more2/DCR0045_TA/V350082123_L04_B5GHUMdtsuRAADA-549_2.fq.gz,DCR0045_TA,DCR0045_TA,2024-05-28T10:43:29,ILLUMINA,BGI
DCR0045_TA_L03_553,DCR0045_TA,DCR0045,T,/home/ckane/crc_more2/DCR0045_TA/V350082123_L03_B5GHUMdtsuRAADA-553_1.fq.gz,/home/ckane/crc_more2/DCR0045_TA/V350082123_L03_B5GHUMdtsuRAADA-553_2.fq.gz,DCR0045_TA,DCR0045_TA,2024-05-28T10:43:29,ILLUMINA,BGI
DCR0045_TA_L04_552,DCR0045_TA,DCR0045,T,/home/ckane/crc_more2/DCR0045_TA/V350082123_L04_B5GHUMdtsuRAADA-552_1.fq.gz,/home/ckane/crc_more2/DCR0045_TA/V350082123_L04_B5GHUMdtsuRAADA-552_2.fq.gz,DCR0045_TA,DCR0045_TA,2024-05-28T10:43:29,ILLUMINA,BGI
DCR0045_TA_L03_556,DCR0045_TA,DCR0045,T,/home/ckane/crc_more2/DCR0045_TA/V350082123_L03_B5GHUMdtsuRAADA-556_1.fq.gz,/home/ckane/crc_more2/DCR0045_TA/V350082123_L03_B5GHUMdtsuRAADA-556_2.fq.gz,DCR0045_TA,DCR0045_TA,2024-05-28T10:43:29,ILLUMINA,BGI
DCR0045_TA_L01_549,DCR0045_TA,DCR0045,T,/home/ckane/crc_more2/DCR0045_TA/V350083614_L01_B5GHUMdtsuRAADA-549_1.fq.gz,/home/ckane/crc_more2/DCR0045_TA/V350083614_L01_B5GHUMdtsuRAADA-549_2.fq.gz,DCR0045_TA,DCR0045_TA,2024-05-28T10:43:29,ILLUMINA,BGI
DCR0045_TA_L01_552,DCR0045_TA,DCR0045,T,/home/ckane/crc_more2/DCR0045_TA/V350083614_L01_B5GHUMdtsuRAADA-552_1.fq.gz,/home/ckane/crc_more2/DCR0045_TA/V350083614_L01_B5GHUMdtsuRAADA-552_2.fq.gz,DCR0045_TA,DCR0045_TA,2024-05-28T10:43:29,ILLUMINA,BGI
DCR0045_TA_L04_555,DCR0045_TA,DCR0045,T,/home/ckane/crc_more2/DCR0045_TA/V350082123_L04_B5GHUMdtsuRAADA-555_1.fq.gz,/home/ckane/crc_more2/DCR0045_TA/V350082123_L04_B5GHUMdtsuRAADA-555_2.fq.gz,DCR0045_TA,DCR0045_TA,2024-05-28T10:43:29,ILLUMINA,BGI
DCR0045_TA_L04_554,DCR0045_TA,DCR0045,T,/home/ckane/crc_more2/DCR0045_TA/V350082123_L04_B5GHUMdtsuRAADA-554_1.fq.gz,/home/ckane/crc_more2/DCR0045_TA/V350082123_L04_B5GHUMdtsuRAADA-554_2.fq.gz,DCR0045_TA,DCR0045_TA,2024-05-28T10:43:29,ILLUMINA,BGI
DCR0011_TA_L04_539,DCR0011_TA,DCR0011,T,/home/ckane/crc_more2/DCR0011_TA/V350082387_L04_B5GHUMxlydRAACA-539_1.fq.gz,/home/ckane/crc_more2/DCR0011_TA/V350082387_L04_B5GHUMxlydRAACA-539_2.fq.gz,DCR0011_TA,DCR0011_TA,2024-05-28T10:43:29,ILLUMINA,BGI
DCR0011_TA_L01_536,DCR0011_TA,DCR0011,T,/home/ckane/crc_more2/DCR0011_TA/V350082385_L01_B5GHUMxlydRAACA-536_1.fq.gz,/home/ckane/crc_more2/DCR0011_TA/V350082385_L01_B5GHUMxlydRAACA-536_2.fq.gz,DCR0011_TA,DCR0011_TA,2024-05-28T10:43:29,ILLUMINA,BGI
DCR0011_TA_L01_538,DCR0011_TA,DCR0011,T,/home/ckane/crc_more2/DCR0011_TA/V350082385_L01_B5GHUMxlydRAACA-538_1.fq.gz,/home/ckane/crc_more2/DCR0011_TA/V350082385_L01_B5GHUMxlydRAACA-538_2.fq.gz,DCR0011_TA,DCR0011_TA,2024-05-28T10:43:29,ILLUMINA,BGI
DCR0011_TA_L02_535,DCR0011_TA,DCR0011,T,/home/ckane/crc_more2/DCR0011_TA/V350082385_L02_B5GHUMxlydRAACA-535_1.fq.gz,/home/ckane/crc_more2/DCR0011_TA/V350082385_L02_B5GHUMxlydRAACA-535_2.fq.gz,DCR0011_TA,DCR0011_TA,2024-05-28T10:43:29,ILLUMINA,BGI
DCR0011_TA_L04_538,DCR0011_TA,DCR0011,T,/home/ckane/crc_more2/DCR0011_TA/V350082387_L04_B5GHUMxlydRAACA-538_1.fq.gz,/home/ckane/crc_more2/DCR0011_TA/V350082387_L04_B5GHUMxlydRAACA-538_2.fq.gz,DCR0011_TA,DCR0011_TA,2024-05-28T10:43:29,ILLUMINA,BGI
DCR0011_TA_L04_535,DCR0011_TA,DCR0011,T,/home/ckane/crc_more2/DCR0011_TA/V350082387_L04_B5GHUMxlydRAACA-535_1.fq.gz,/home/ckane/crc_more2/DCR0011_TA/V350082387_L04_B5GHUMxlydRAACA-535_2.fq.gz,DCR0011_TA,DCR0011_TA,2024-05-28T10:43:29,ILLUMINA,BGI
DCR0011_TA_L04_540,DCR0011_TA,DCR0011,T,/home/ckane/crc_more2/DCR0011_TA/V350082387_L04_B5GHUMxlydRAACA-540_1.fq.gz,/home/ckane/crc_more2/DCR0011_TA/V350082387_L04_B5GHUMxlydRAACA-540_2.fq.gz,DCR0011_TA,DCR0011_TA,2024-05-28T10:43:29,ILLUMINA,BGI
DCR0011_TA_L01_539,DCR0011_TA,DCR0011,T,/home/ckane/crc_more2/DCR0011_TA/V350082385_L01_B5GHUMxlydRAACA-539_1.fq.gz,/home/ckane/crc_more2/DCR0011_TA/V350082385_L01_B5GHUMxlydRAACA-539_2.fq.gz,DCR0011_TA,DCR0011_TA,2024-05-28T10:43:29,ILLUMINA,BGI
DCR0011_TA_L01_534,DCR0011_TA,DCR0011,T,/home/ckane/crc_more2/DCR0011_TA/V350082385_L01_B5GHUMxlydRAACA-534_1.fq.gz,/home/ckane/crc_more2/DCR0011_TA/V350082385_L01_B5GHUMxlydRAACA-534_2.fq.gz,DCR0011_TA,DCR0011_TA,2024-05-28T10:43:29,ILLUMINA,BGI
DCR0011_TA_L02_533,DCR0011_TA,DCR0011,T,/home/ckane/crc_more2/DCR0011_TA/V350082385_L02_B5GHUMxlydRAACA-533_1.fq.gz,/home/ckane/crc_more2/DCR0011_TA/V350082385_L02_B5GHUMxlydRAACA-533_2.fq.gz,DCR0011_TA,DCR0011_TA,2024-05-28T10:43:29,ILLUMINA,BGI
DCR0011_TA_L01_540,DCR0011_TA,DCR0011,T,/home/ckane/crc_more2/DCR0011_TA/V350082385_L01_B5GHUMxlydRAACA-540_1.fq.gz,/home/ckane/crc_more2/DCR0011_TA/V350082385_L01_B5GHUMxlydRAACA-540_2.fq.gz,DCR0011_TA,DCR0011_TA,2024-05-28T10:43:29,ILLUMINA,BGI
DCR0011_TA_L02_537,DCR0011_TA,DCR0011,T,/home/ckane/crc_more2/DCR0011_TA/V350082385_L02_B5GHUMxlydRAACA-537_1.fq.gz,/home/ckane/crc_more2/DCR0011_TA/V350082385_L02_B5GHUMxlydRAACA-537_2.fq.gz,DCR0011_TA,DCR0011_TA,2024-05-28T10:43:29,ILLUMINA,BGI
DCR0011_TA_L01_537,DCR0011_TA,DCR0011,T,/home/ckane/crc_more2/DCR0011_TA/V350082385_L01_B5GHUMxlydRAACA-537_1.fq.gz,/home/ckane/crc_more2/DCR0011_TA/V350082385_L01_B5GHUMxlydRAACA-537_2.fq.gz,DCR0011_TA,DCR0011_TA,2024-05-28T10:43:29,ILLUMINA,BGI
DCR0011_TA_L02_539,DCR0011_TA,DCR0011,T,/home/ckane/crc_more2/DCR0011_TA/V350082385_L02_B5GHUMxlydRAACA-539_1.fq.gz,/home/ckane/crc_more2/DCR0011_TA/V350082385_L02_B5GHUMxlydRAACA-539_2.fq.gz,DCR0011_TA,DCR0011_TA,2024-05-28T10:43:29,ILLUMINA,BGI
DCR0011_TA_L01_533,DCR0011_TA,DCR0011,T,/home/ckane/crc_more2/DCR0011_TA/V350082385_L01_B5GHUMxlydRAACA-533_1.fq.gz,/home/ckane/crc_more2/DCR0011_TA/V350082385_L01_B5GHUMxlydRAACA-533_2.fq.gz,DCR0011_TA,DCR0011_TA,2024-05-28T10:43:29,ILLUMINA,BGI
DCR0011_TA_L02_536,DCR0011_TA,DCR0011,T,/home/ckane/crc_more2/DCR0011_TA/V350082385_L02_B5GHUMxlydRAACA-536_1.fq.gz,/home/ckane/crc_more2/DCR0011_TA/V350082385_L02_B5GHUMxlydRAACA-536_2.fq.gz,DCR0011_TA,DCR0011_TA,2024-05-28T10:43:29,ILLUMINA,BGI
DCR0011_TA_L04_537,DCR0011_TA,DCR0011,T,/home/ckane/crc_more2/DCR0011_TA/V350082387_L04_B5GHUMxlydRAACA-537_1.fq.gz,/home/ckane/crc_more2/DCR0011_TA/V350082387_L04_B5GHUMxlydRAACA-537_2.fq.gz,DCR0011_TA,DCR0011_TA,2024-05-28T10:43:29,ILLUMINA,BGI
DCR0011_TA_L02_540,DCR0011_TA,DCR0011,T,/home/ckane/crc_more2/DCR0011_TA/V350082385_L02_B5GHUMxlydRAACA-540_1.fq.gz,/home/ckane/crc_more2/DCR0011_TA/V350082385_L02_B5GHUMxlydRAACA-540_2.fq.gz,DCR0011_TA,DCR0011_TA,2024-05-28T10:43:29,ILLUMINA,BGI
DCR0011_TA_L04_534,DCR0011_TA,DCR0011,T,/home/ckane/crc_more2/DCR0011_TA/V350082387_L04_B5GHUMxlydRAACA-534_1.fq.gz,/home/ckane/crc_more2/DCR0011_TA/V350082387_L04_B5GHUMxlydRAACA-534_2.fq.gz,DCR0011_TA,DCR0011_TA,2024-05-28T10:43:29,ILLUMINA,BGI
DCR0011_TA_L04_536,DCR0011_TA,DCR0011,T,/home/ckane/crc_more2/DCR0011_TA/V350082387_L04_B5GHUMxlydRAACA-536_1.fq.gz,/home/ckane/crc_more2/DCR0011_TA/V350082387_L04_B5GHUMxlydRAACA-536_2.fq.gz,DCR0011_TA,DCR0011_TA,2024-05-28T10:43:29,ILLUMINA,BGI
DCR0011_TA_L01_535,DCR0011_TA,DCR0011,T,/home/ckane/crc_more2/DCR0011_TA/V350082385_L01_B5GHUMxlydRAACA-535_1.fq.gz,/home/ckane/crc_more2/DCR0011_TA/V350082385_L01_B5GHUMxlydRAACA-535_2.fq.gz,DCR0011_TA,DCR0011_TA,2024-05-28T10:43:29,ILLUMINA,BGI
DCR0011_TA_L04_533,DCR0011_TA,DCR0011,T,/home/ckane/crc_more2/DCR0011_TA/V350082387_L04_B5GHUMxlydRAACA-533_1.fq.gz,/home/ckane/crc_more2/DCR0011_TA/V350082387_L04_B5GHUMxlydRAACA-533_2.fq.gz,DCR0011_TA,DCR0011_TA,2024-05-28T10:43:29,ILLUMINA,BGI
DCR0011_TA_L02_534,DCR0011_TA,DCR0011,T,/home/ckane/crc_more2/DCR0011_TA/V350082385_L02_B5GHUMxlydRAACA-534_1.fq.gz,/home/ckane/crc_more2/DCR0011_TA/V350082385_L02_B5GHUMxlydRAACA-534_2.fq.gz,DCR0011_TA,DCR0011_TA,2024-05-28T10:43:29,ILLUMINA,BGI
DCR0011_TA_L02_538,DCR0011_TA,DCR0011,T,/home/ckane/crc_more2/DCR0011_TA/V350082385_L02_B5GHUMxlydRAACA-538_1.fq.gz,/home/ckane/crc_more2/DCR0011_TA/V350082385_L02_B5GHUMxlydRAACA-538_2.fq.gz,DCR0011_TA,DCR0011_TA,2024-05-28T10:43:29,ILLUMINA,BGI
